<?xml version="1.0" encoding="utf-8" ?>
<Defs>

  <AlienRace.BackstoryDef>
    <defName>StormverminLeader</defName>
    <title>Fangleader candidate</title>
    <titleShort>Fang</titleShort>
    <baseDescription>[PAWN_nameDef] is a highly regarded Stormvermin. Cunning, ruthless and ambitious.</baseDescription>
    <bodyTypeMale>Male</bodyTypeMale>
    <bodyTypeFemale>Female</bodyTypeFemale>
    <slot>Adulthood</slot>
    <skillGains>
      <li>
        <defName>Intellectual</defName>
        <amount>3</amount>
      </li>
      <li>
        <defName>Social</defName>
        <amount>3</amount>
      </li>
      <li>
        <defName>Melee</defName>
        <amount>3</amount>
      </li>
    </skillGains>
    <spawnCategories>
      <li>SkavenStormvermin</li>
    </spawnCategories>
    <requiredWorkTags>
      <li>Intellectual</li>
      <li>Violent</li>
    </requiredWorkTags>
  </AlienRace.BackstoryDef>

	<AlienRace.BackstoryDef>
		<defName>StormverminGrunt</defName>
		<title>loyalist</title>
		<titleShort>loyalist</titleShort>
		<baseDescription>[PAWN_nameDef] life belonged to the stormvermins a true trained loyalist.</baseDescription>
		<bodyTypeMale>Male</bodyTypeMale>
		<bodyTypeFemale>Female</bodyTypeFemale>
		<slot>Adulthood</slot>
    <skillGains>
      <li>
        <defName>Shooting</defName>
        <amount>3</amount>
      </li>
      <li>
        <defName>Melee</defName>
        <amount>3</amount>
      </li>
    </skillGains>
    <spawnCategories>
      <li>SkavenStormvermin</li>
    </spawnCategories>
    <requiredWorkTags>
      <li>Violent</li>
    </requiredWorkTags>
    <workDisables>
      <li>Artistic</li>
      <li>Intellectual</li>
    </workDisables>
	</AlienRace.BackstoryDef>

  <AlienRace.BackstoryDef>
    <defName>StormverminGladiator</defName>
    <title>gladiator</title>
    <titleShort>gladiator</titleShort>
    <baseDescription>[PAWN_nameDef] often fought in the arena. There was no greater joy in [PAWN_possessive] life.</baseDescription>
    <bodyTypeMale>Male</bodyTypeMale>
    <bodyTypeFemale>Female</bodyTypeFemale>
    <slot>Adulthood</slot>
    <skillGains>
      <li>
        <defName>Shooting</defName>
        <amount>2</amount>
      </li>
      <li>
        <defName>Melee</defName>
        <amount>4</amount>
      </li>
    </skillGains>
    <forcedTraits>
      <li>
        <defName>Bloodlust</defName>
        <chance>5</chance>
      </li>
      <li>
        <defName>Tough</defName>
        <chance>10</chance>
      </li>
    </forcedTraits>
    <spawnCategories>
      <li>SkavenStormvermin</li>
    </spawnCategories>
    <requiredWorkTags>
      <li>Violent</li>
    </requiredWorkTags>
    <workDisables>
      <li>Artistic</li>
      <li>Intellectual</li>
    </workDisables>
  </AlienRace.BackstoryDef>


  <!--===================== childhood =====================-->


  <AlienRace.BackstoryDef>
    <defName>StormverminUnkown</defName>
    <title>uknown birth</title>
    <titleShort>unkown</titleShort>
    <baseDescription>Where [PAWN_nameDef] was birthed or where [PAWN_pronoun] came from is unkown. Seemingly out of nowhere [PAWN_pronoun] stod with the rest of the Stormvermin candidates.</baseDescription>
    <bodyTypeMale>Male</bodyTypeMale>
    <bodyTypeFemale>Female</bodyTypeFemale>
    <slot>Childhood</slot>
    <skillGains>
      <li>
        <defName>Melee</defName>
        <amount>2</amount>
      </li>
      <li>
        <defName>Shooting</defName>
        <amount>2</amount>
      </li>
      <li>
        <defName>Intellectual</defName>
        <amount>2</amount>
      </li>
    </skillGains>
    <requiredWorkTags>
      <li>Violent</li>
    </requiredWorkTags>
    <spawnCategories>
      <li>SkavenStormvermin</li>
    </spawnCategories>
  </AlienRace.BackstoryDef>

  <AlienRace.BackstoryDef>
    <defName>StormverminExcellent</defName>
    <title>ruthless</title>
    <titleShort>ruthless</titleShort>
    <baseDescription>[PAWN_nameDef] was extra ruthless. All the other skaven have always been lesser kinds to [PAWN_objective]. Nothing was going to stop [PAWN_nameDef].</baseDescription>
    <bodyTypeMale>Male</bodyTypeMale>
    <bodyTypeFemale>Female</bodyTypeFemale>
    <slot>Childhood</slot>
    <skillGains>
      <li>
        <defName>Shooting</defName>
        <amount>2</amount>
      </li>
      <li>
        <defName>Social</defName>
        <amount>2</amount>
      </li>
      <li>
        <defName>Melee</defName>
        <amount>4</amount>
      </li>
    </skillGains>
    <forcedTraits>
      <li>
        <defName>Bloodlust</defName>
        <chance>25</chance>
        <commonalityMale>100</commonalityMale>
        <commonalityFemale>100</commonalityFemale>
      </li>
      <li>
        <defName>Psychopath</defName>
        <chance>5</chance>
      </li>
    </forcedTraits>
    <requiredWorkTags>
      <li>Social</li>
      <li>Violent</li>
    </requiredWorkTags>
    <workDisables>
      <li>Caring</li>
    </workDisables>
    <spawnCategories>
      <li>SkavenStormvermin</li>
    </spawnCategories>
  </AlienRace.BackstoryDef>

  <AlienRace.BackstoryDef>
		<defName>StormverminBornSlave</defName>
		<title>lowborn</title>
		<titleShort>lowborn</titleShort>
		<baseDescription>[PAWN_nameDef] was lowborn, but predetermined by destiny made it so [PAWN_pronoun] was taken in with the other Stormvermin candidates.</baseDescription>
		<bodyTypeMale>Male</bodyTypeMale>
		<bodyTypeFemale>Female</bodyTypeFemale>
		<slot>Childhood</slot>
    <skillGains>
      <li>
        <defName>Melee</defName>
        <amount>3</amount>
      </li>
      <li>
        <defName>Shooting</defName>
        <amount>3</amount>
      </li>
    </skillGains>
    <requiredWorkTags>
      <li>Violent</li>
    </requiredWorkTags>
		<spawnCategories>
      <li>SkavenStormvermin</li>
		</spawnCategories>
	</AlienRace.BackstoryDef>

  <AlienRace.BackstoryDef>
    <defName>StormverminBornClan</defName>
    <title>clan born</title>
    <titleShort>clan</titleShort>
    <baseDescription>[PAWN_nameDef] was born in a clan, taken from birth to fullfil [PAWN_possessive] destiny as a Stormvermin.</baseDescription>
    <bodyTypeMale>Male</bodyTypeMale>
    <bodyTypeFemale>Female</bodyTypeFemale>
    <slot>Childhood</slot>
    <skillGains>
      <li>
        <defName>Melee</defName>
        <amount>3</amount>
      </li>
      <li>
        <defName>Shooting</defName>
        <amount>3</amount>
      </li>
    </skillGains>
    <requiredWorkTags>
      <li>Violent</li>
    </requiredWorkTags>
    <spawnCategories>
      <li>SkavenStormvermin</li>
    </spawnCategories>
  </AlienRace.BackstoryDef>

</Defs>