<?xml version="1.0" encoding="utf-8" ?>
<Defs>

  <AlienRace.BackstoryDef>
    <defName>SkavenMasterMoulder</defName>
    <title>Master moulder</title>
    <titleShort>Master moulder</titleShort>
    <baseDescription>[PAWN_nameDef] is at the peak of the clan moulders. A true master at [PAWN_possessive] vile and gruesome work.</baseDescription>
    <bodyTypeMale>Fat</bodyTypeMale>
    <bodyTypeFemale>Fat</bodyTypeFemale>
    <slot>Adulthood</slot>
    <skillGains>
      <li>
        <defName>Intellectual</defName>
        <amount>4</amount>
      </li>
      <li>
        <defName>Crafting</defName>
        <amount>3</amount>
      </li>
      <li>
        <defName>Animals</defName>
        <amount>1</amount>
      </li>
      <li>
        <defName>Medicine</defName>
        <amount>6</amount>
      </li>
    </skillGains>
    <forcedTraits>
      <li>
        <defName>Psychopath</defName>
        <chance>90</chance>
      </li>
      <li>
        <defName>Industriousness</defName>
        <degree>2</degree>
        <chance>50</chance>
      </li>
    </forcedTraits>
    <forcedHediffs>
      <li>SkavenMoulderWarpSpine</li>
    </forcedHediffs>
    <spawnCategories>
      <li>SkavenMoulder</li>
    </spawnCategories>
    <requiredWorkTags>
      <li>Intellectual</li>
      <li>Violent</li>
    </requiredWorkTags>
  </AlienRace.BackstoryDef>

  <AlienRace.BackstoryDef>
    <defName>SkavenMoulder</defName>
    <title>Moulder</title>
    <titleShort>Moulder</titleShort>
    <baseDescription>[PAWN_nameDef] is a bio engineer of the clan Moulder. Successfully earning [PAWN_possessive] place in the clan, moulding vile creations deep under the surface.</baseDescription>
    <bodyTypeMale>Male</bodyTypeMale>
    <bodyTypeFemale>Female</bodyTypeFemale>
    <slot>Adulthood</slot>
    <skillGains>
      <li>
        <defName>Intellectual</defName>
        <amount>3</amount>
      </li>
      <li>
        <defName>Crafting</defName>
        <amount>3</amount>
      </li>
      <li>
        <defName>Animals</defName>
        <amount>1</amount>
      </li>
      <li>
        <defName>Medicine</defName>
        <amount>5</amount>
      </li>
    </skillGains>
    <spawnCategories>
      <li>SkavenMoulder</li>
    </spawnCategories>
    <requiredWorkTags>
      <li>Intellectual</li>
      <li>Violent</li>
    </requiredWorkTags>
  </AlienRace.BackstoryDef>

	<AlienRace.BackstoryDef>
		<defName>MoulderGuard</defName>
		<title>moulder guard</title>
		<titleShort>guard</titleShort>
		<baseDescription>[PAWN_nameDef] guards the master moulders laboratories and often finds [PAWN_objective]self fighting off whatever monstrous creature is on the loose.</baseDescription>
		<bodyTypeMale>Male</bodyTypeMale>
		<bodyTypeFemale>Female</bodyTypeFemale>
		<slot>Adulthood</slot>
    <skillGains>
      <li>
        <defName>Shooting</defName>
        <amount>2</amount>
      </li>
      <li>
        <defName>Melee</defName>
        <amount>2</amount>
      </li>
      <li>
        <defName>Animals</defName>
        <amount>2</amount>
      </li>
    </skillGains>
    <spawnCategories>
      <li>SkavenMoulder</li>
      <li>SkavenMoulderPack</li>
    </spawnCategories>
    <requiredWorkTags>
      <li>Violent</li>
    </requiredWorkTags>
    <workDisables>
      <li>Artistic</li>
    </workDisables>
	</AlienRace.BackstoryDef>

  <AlienRace.BackstoryDef>
    <defName>MoulderAssistant</defName>
    <title>Moulder assistant</title>
    <titleShort>assistant</titleShort>
    <baseDescription>[PAWN_nameDef] helps out the master moulders in their well guarded laboratories. Though [PAWN_possessive] masters guared their research, [PAWN_pronoun] has managed to steal what knowledge [PAWN_pronoun] can. Often spending [PAWN_possessive] short spare time reverse engineering tools and experimenting on [PAWN_possessive] own.</baseDescription>
    <bodyTypeMale>Thin</bodyTypeMale>
    <bodyTypeFemale>Female</bodyTypeFemale>
    <slot>Adulthood</slot>
    <skillGains>
      <li>
        <defName>Intellectual</defName>
        <amount>2</amount>
      </li>
      <li>
        <defName>Animals</defName>
        <amount>1</amount>
      </li>
      <li>
        <defName>Crafting</defName>
        <amount>3</amount>
      </li>
      <li>
        <defName>Medicine</defName>
        <amount>3</amount>
      </li>
    </skillGains>
    <spawnCategories>
      <li>SkavenMoulder</li>
      <li>SkavenMoulderPack</li>
    </spawnCategories>
    <requiredWorkTags>
      <li>Violent</li>
    </requiredWorkTags>
  </AlienRace.BackstoryDef>


  <!--===================== childhood =====================-->

  <AlienRace.BackstoryDef>
    <defName>MoulderChildAssistant</defName>
    <title>young assistant</title>
    <titleShort>assistant</titleShort>
    <baseDescription>[PAWN_nameDef] was taken as young to act as a assistant to one of the master moulders. [PAWN_pronoun] mostly ran errands and wrestled with experiments to keep them down under procedures. Still [PAWN_pronoun] managed to learn one or two things from handling [PAWN_possessive] masters tools.</baseDescription>
    <bodyTypeMale>Thin</bodyTypeMale>
    <bodyTypeFemale>Female</bodyTypeFemale>
    <slot>Childhood</slot>
    <skillGains>
      <li>
        <defName>Crafting</defName>
        <amount>2</amount>
      </li>
      <li>
        <defName>Animals</defName>
        <amount>1</amount>
      </li>
      <li>
        <defName>Medicine</defName>
        <amount>2</amount>
      </li>
    </skillGains>
    <requiredWorkTags>
      <li>Social</li>
      <li>Violent</li>
    </requiredWorkTags>
    <spawnCategories>
      <li>SkavenMoulder</li>
      <li>SkavenMoulderPack</li>
    </spawnCategories>
  </AlienRace.BackstoryDef>

  <AlienRace.BackstoryDef>
		<defName>MoulderSlaveBorn</defName>
		<title>lowborn</title>
		<titleShort>lowborn</titleShort>
		<baseDescription>[PAWN_nameDef] was born in the pits with the rest. Fending for themself and forced to obey the clans whim. [PAWN_pronoun] managed to survive in clan Moulders hold. Living on scraps and managing to avoid some of the moulders experiments.</baseDescription>
		<bodyTypeMale>Thin</bodyTypeMale>
		<bodyTypeFemale>Thin</bodyTypeFemale>
		<slot>Childhood</slot>
    <skillGains>
      <li>
        <defName>Animals</defName>
        <amount>2</amount>
      </li>
      <li>
        <defName>Social</defName>
        <amount>-2</amount>
      </li>
    </skillGains>
    <requiredWorkTags>
      <li>Violent</li>
    </requiredWorkTags>
		<spawnCategories>
      <li>SkavenMoulder</li>
      <li>SkavenMoulderPack</li>
		</spawnCategories>
    <workDisables>
      <li>Artistic</li>
    </workDisables>
	</AlienRace.BackstoryDef>

  <AlienRace.BackstoryDef>
    <defName>MoulderClanBorn</defName>
    <title>clan born</title>
    <titleShort>clan</titleShort>
    <baseDescription>[PAWN_nameDef] was clan born, living under the Moulder clan. [PAWN_pronoun] was tossed out to handle the monstros creations with the rest of the pack. Learning how to wrangle wolf rats and ogres.</baseDescription>
    <bodyTypeMale>Male</bodyTypeMale>
    <bodyTypeFemale>Female</bodyTypeFemale>
    <slot>Childhood</slot>
    <skillGains>
      <li>
        <defName>Melee</defName>
        <amount>1</amount>
      </li>
      <li>
        <defName>Animals</defName>
        <amount>2</amount>
      </li>
    </skillGains>
    <requiredWorkTags>
      <li>Violent</li>
      <li>Intellectual</li>
    </requiredWorkTags>
    <spawnCategories>
      <li>SkavenMoulder</li>
      <li>SkavenMoulderPack</li>
    </spawnCategories>
  </AlienRace.BackstoryDef>

  <AlienRace.BackstoryDef>
    <defName>MoulderPromising</defName>
    <title>promising</title>
    <titleShort>promising</titleShort>
    <baseDescription>[PAWN_nameDef] was clan born, but [PAWN_pronoun] showed promise from young age. [PAWN_pronoun] handled the various beast, studied them and tinkered on [PAWN_possessive] own creations.</baseDescription>
    <bodyTypeMale>Male</bodyTypeMale>
    <bodyTypeFemale>Female</bodyTypeFemale>
    <slot>Childhood</slot>
    <skillGains>
      <li>
        <defName>Crafting</defName>
        <amount>1</amount>
      </li>
      <li>
        <defName>Animals</defName>
        <amount>1</amount>
      </li>
      <li>
        <defName>Intellectual</defName>
        <amount>2</amount>
      </li>
    </skillGains>
    <requiredWorkTags>
      <li>Violent</li>
      <li>Intellectual</li>
    </requiredWorkTags>
    <spawnCategories>
      <li>SkavenMoulder</li>
      <li>SkavenMoulderPack</li>
    </spawnCategories>
  </AlienRace.BackstoryDef>

</Defs>