<?xml version="1.0" encoding="UTF-8"?>
<Defs>

  <ThingDef Name="BaseRangedSkaven" Abstract="True" ParentName="BaseWeapon">
    <techLevel>Neolithic</techLevel>
    <weaponTags>
      <li>Skaven</li>
    </weaponTags>
    <thingCategories>
      <li>WeaponsRanged</li>
    </thingCategories>
    <comps>
      <li>
        <compClass>CompQuality</compClass>
      </li>
    </comps>
    <recipeMaker>
      <workSpeedStat>GeneralLaborSpeed</workSpeedStat>
      <workSkill>Crafting</workSkill>
      <unfinishedThingDef>UnfinishedWeapon</unfinishedThingDef>
    </recipeMaker>
  </ThingDef>

  <ThingDef ParentName="BaseRangedSkaven">
    <defName>Slingshot</defName>
    <label>slingshot</label>
    <description>A simple slingshot. Don't underestimate the damage this simple tool can deal.</description>
    <graphicData>
      <texPath>Things/Item/Weapon/SkavenSlingshot/Slingshot</texPath>
      <graphicClass>Graphic_Single</graphicClass>
    </graphicData>
    <soundInteract>Interact_BeatFire</soundInteract>
    <costStuffCount>25</costStuffCount>
    <stuffCategories>
      <li>Leathery</li>
    </stuffCategories>
    <statBases>
      <WorkToMake>1000</WorkToMake>
      <Mass>0.4</Mass>
      <AccuracyTouch>0.80</AccuracyTouch>
      <AccuracyShort>0.75</AccuracyShort>
      <AccuracyMedium>0.50</AccuracyMedium>
      <AccuracyLong>0.32</AccuracyLong>
      <RangedWeapon_Cooldown>0.6</RangedWeapon_Cooldown>
    </statBases>
    <weaponTags>
      <li>SkavenSlaveRanged</li>
    </weaponTags>
    <recipeMaker>
      <recipeUsers>
        <li>CraftingSpot</li>
      </recipeUsers>
    </recipeMaker>
    <verbs>
      <li>
        <verbClass>Verb_Shoot</verbClass>
        <hasStandardCommand>true</hasStandardCommand>
        <defaultProjectile>Slingshot_Bullet</defaultProjectile>
        <warmupTime>1.2</warmupTime>
        <range>20</range>
        <soundCast>Interact_BeatFire</soundCast>
        <rangedFireRulepack>Combat_RangedFire_Thrown</rangedFireRulepack>
      </li>
    </verbs>
    <tools>
      <li>
        <label>point</label>
        <capacities>
          <li>Blunt</li>
        </capacities>
        <power>7</power>
        <cooldownTime>2</cooldownTime>
      </li>
    </tools>
  </ThingDef>
  <ThingDef ParentName="BaseProjectileNeolithic">
    <defName>Slingshot_Bullet</defName>
    <label>rock</label>
    <graphicData>
      <texPath>Things/Projectile/SlingshotBullet</texPath>
      <graphicClass>Graphic_Single</graphicClass>
    </graphicData>
    <projectile>
      <flyOverhead>false</flyOverhead>
      <damageDef>SkavenBlunt</damageDef>
      <damageAmountBase>8</damageAmountBase>
      <stoppingPower>1.2</stoppingPower>
      <armorPenetrationBase>0.1</armorPenetrationBase>
      <speed>40</speed>
    </projectile>
  </ThingDef>

  <ThingDef ParentName="BaseRangedSkaven">
    <defName>Skaven_Crossbow</defName>
    <label>skaven crossbow</label>
    <description>A simple crossbow. It's capable of delivering deadly shots, but is slower on the reload time than a normal bow and lacks a bit in the range department.</description>
    <graphicData>
      <texPath>Things/Item/Weapon/SkavenCrossbow/Crossbow</texPath>
      <graphicClass>Graphic_Single</graphicClass>
    </graphicData>
    <soundInteract>Bow_Recurve</soundInteract>
    <costList>
      <WoodLog>40</WoodLog>
      <Steel>40</Steel>
    </costList>
    <statBases>
      <WorkToMake>7000</WorkToMake>
      <Mass>2.5</Mass>
      <AccuracyTouch>0.70</AccuracyTouch>
      <AccuracyShort>0.8</AccuracyShort>
      <AccuracyMedium>0.7</AccuracyMedium>
      <AccuracyLong>0.5</AccuracyLong>
      <RangedWeapon_Cooldown>2</RangedWeapon_Cooldown>
    </statBases>
    <weaponTags>
      <li>SkavenRanged</li>
    </weaponTags>
    <equippedAngleOffset>45</equippedAngleOffset>
    <recipeMaker>
      <recipeUsers>
        <li>ElectricSmithy</li>
        <li>FueledSmithy</li>
      </recipeUsers>
      <skillRequirements>
        <Crafting>3</Crafting>
      </skillRequirements>
      <researchPrerequisite>SkavenWeaponsOne</researchPrerequisite>
      <effectWorking>Smelt</effectWorking>
      <unfinishedThingDef>UnfinishedWeapon</unfinishedThingDef>
    </recipeMaker>
    <verbs>
      <li>
        <verbClass>Verb_Shoot</verbClass>
        <hasStandardCommand>true</hasStandardCommand>
        <defaultProjectile>Arrow_Recurve</defaultProjectile>
        <warmupTime>2</warmupTime>
        <range>23</range>
        <soundCast>Bow_Recurve</soundCast>
      </li>
    </verbs>
    <tools>
      <li>
        <label>limb</label>
        <capacities>
          <li>Blunt</li>
          <li>Poke</li>
        </capacities>
        <power>9</power>
        <cooldownTime>2</cooldownTime>
      </li>
    </tools>
  </ThingDef>
  <ThingDef ParentName="BaseProjectileNeolithic">
    <defName>Arrow_SkavenCrossbow</defName>
    <label>crossbow arrow</label>
    <graphicData>
      <texPath>Things/Projectile/Arrow_Small</texPath>
      <graphicClass>Graphic_Single</graphicClass>
    </graphicData>
    <projectile>
      <flyOverhead>false</flyOverhead>
      <damageDef>ArrowHighVelocity</damageDef>
      <damageAmountBase>17</damageAmountBase>
      <stoppingPower>1.2</stoppingPower>
      <speed>6</speed>
    </projectile>
  </ThingDef>

  <ThingDef ParentName="BaseMeleeWeapon_Blunt_Quality">
    <defName>MeleeWeapon_SkavenFlail</defName>
    <label>flail</label>
    <description>A dangerous flail. This weapon can be unwieldy to use but it's hits can be deadly.</description>
    <graphicData>
      <texPath>Things/Item/Weapon/SkavenFlail/Flail</texPath>
      <graphicClass>Graphic_Single</graphicClass>
    </graphicData>
    <techLevel>Medieval</techLevel>
    <costList>
      <WoodLog>25</WoodLog>
    </costList>
    <costStuffCount>60</costStuffCount>
    <statBases>
      <WorkToMake>8000</WorkToMake>
      <Mass>3</Mass>
    </statBases>
    <equippedAngleOffset>-65</equippedAngleOffset>
    <recipeMaker>
      <skillRequirements>
        <Crafting>3</Crafting>
      </skillRequirements>
      <researchPrerequisite>SkavenWeaponsTwo</researchPrerequisite>
    </recipeMaker>
    <stuffCategories>
      <li>Metallic</li>
    </stuffCategories>
    <weaponTags>
      <li>SkavenFlail</li>
    </weaponTags>
    <tools>
      <li>
        <label>handle</label>
        <capacities>
          <li>Poke</li>
        </capacities>
        <power>9</power>
        <cooldownTime>2</cooldownTime>
      </li>
      <li>
        <label>ball</label>
        <labelUsedInLogging>false</labelUsedInLogging>
        <capacities>
          <li>Blunt</li>
        </capacities>
        <power>27</power>
        <cooldownTime>2.7</cooldownTime>
      </li>
    </tools>
  </ThingDef>
  
  <ThingDef ParentName="BaseMeleeWeapon_Sharp_Quality">
    <defName>MeleeWeapon_SkavenBardiche</defName>
    <label>skaven bardiche</label>
    <description>A bardiche, often wielded by the fearsome Stormvermins.</description>
    <graphicData>
      <texPath>Things/Item/Weapon/SkavenBardiche/Bardiche</texPath>
      <graphicClass>Graphic_Single</graphicClass>
      <shaderType>CutoutComplex</shaderType>
      <drawSize>(1.3,1.8)</drawSize>
    </graphicData>
    <techLevel>Medieval</techLevel>
    <costList>
      <WoodLog>25</WoodLog>
    </costList>
    <costStuffCount>60</costStuffCount>
    <statBases>
      <WorkToMake>8000</WorkToMake>
      <Mass>4</Mass>
      <AccuracyTouch>0.9</AccuracyTouch>
      <AccuracyShort>0.9</AccuracyShort>
      <AccuracyMedium>0.75</AccuracyMedium>
      <AccuracyLong>0.7</AccuracyLong>
      <RangedWeapon_Cooldown>1.8</RangedWeapon_Cooldown>
    </statBases>
    <equippedAngleOffset>-65</equippedAngleOffset>
    <recipeMaker>
      <skillRequirements>
        <Crafting>4</Crafting>
      </skillRequirements>
      <researchPrerequisite>SkavenWeaponsTwo</researchPrerequisite>
    </recipeMaker>
    <stuffCategories>
      <li>Metallic</li>
    </stuffCategories>
    <comps>
    </comps>
    <weaponTags>
      <li>SkavenStormvermin</li>
    </weaponTags>
    <verbs>
      <li>
        <verbClass>Verb_Shoot</verbClass>
        <hasStandardCommand>true</hasStandardCommand>
        <defaultProjectile>Skaven_BardicheStab</defaultProjectile>
        <warmupTime>0.5</warmupTime>
        <range>3</range>
        <soundCast>Interact_BeatFire</soundCast>
      </li>
    </verbs>
    <tools>
      <li>
        <label>handle</label>
        <capacities>
          <li>Blunt</li>
        </capacities>
        <power>9</power>
        <cooldownTime>2</cooldownTime>
      </li>
      <li>
        <label>point</label>
        <capacities>
          <li>Stab</li>
        </capacities>
        <power>23</power>
        <cooldownTime>2.6</cooldownTime>
      </li>
    <li>
        <label>blade</label>
        <capacities>
          <li>Cut</li>
        </capacities>
        <power>28</power>
        <cooldownTime>2.8</cooldownTime>
      </li>
    </tools>
  </ThingDef>
  
  <ThingDef ParentName="BaseProjectileNeolithic">
    <defName>Skaven_BardicheStab</defName>
    <label>stab</label>
    <graphicData>
      <texPath>Things/Projectile/BardStab</texPath>
      <graphicClass>Graphic_Single</graphicClass>
      <drawSize>(1.2)</drawSize>
    </graphicData>
    <projectile>
      <flyOverhead>false</flyOverhead>
      <damageDef>Stab</damageDef>
      <damageAmountBase>18</damageAmountBase>
      <stoppingPower>2.0</stoppingPower>
      <speed>90</speed>
    </projectile>
  </ThingDef>

  <ThingDef Name="SkavenBaseGun" Abstract="True" ParentName="BaseWeapon">
    <techLevel>Medieval</techLevel>
    <smeltable>true</smeltable>
    <thingCategories>
      <li>WeaponsRanged</li>
    </thingCategories>
    <inspectorTabs>
      <li>ITab_Art</li>
    </inspectorTabs>
    <statBases>
      <Flammability>0.5</Flammability>
    </statBases>
    <comps>
      <li Class="CompProperties_Art">
        <nameMaker>NamerArtWeaponGun</nameMaker>
        <descriptionMaker>ArtDescription_WeaponGun</descriptionMaker>
        <minQualityForArtistic>Excellent</minQualityForArtistic>
      </li>
    </comps>
  </ThingDef>

  <ThingDef Name="BaseSkavenGunWithQuality" Abstract="True" ParentName="SkavenBaseGun"> 
    <comps>
      <li>
        <compClass>CompQuality</compClass>
      </li>
    </comps>
  </ThingDef>

  <ThingDef Name="BaseMakeableSkavenGun" ParentName="BaseSkavenGunWithQuality" Abstract="True">
    <recipeMaker>
      <workSpeedStat>GeneralLaborSpeed</workSpeedStat>
      <workSkill>Crafting</workSkill>
      <effectWorking>Smith</effectWorking>
      <soundWorking>Recipe_Smith</soundWorking>
      <recipeUsers>
        <li>ElectricSmithy</li>
        <li>FueledSmithy</li>
      </recipeUsers>
      <unfinishedThingDef>UnfinishedSkavenGun</unfinishedThingDef>
    </recipeMaker>
  </ThingDef>

  <ThingDef Name="BaseSkavenMakeableGun" ParentName="BaseMakeableSkavenGun" Abstract="True">
    <weaponTags>
      <li>SkavenGun</li>
    </weaponTags>
  </ThingDef>

  <ThingDef ParentName="UnfinishedBase">
    <defName>UnfinishedSkavenGun</defName>
    <label>unfinished weapon</label>
    <graphicData>
      <texPath>Things/Item/Unfinished/UnfinishedWeapon</texPath>
      <graphicClass>Graphic_Single</graphicClass>
    </graphicData>
    <stuffCategories Inherit="false" />
  </ThingDef>
  
  <ThingDef ParentName="BaseSkavenMakeableGun">
    <defName>Gun_SkavenSprayer</defName>
    <label>skaven poison hose</label>
    <description>A wide-barreled hose for spraying poison. It's highly inaccurate but covers a large area.</description>
    <graphicData>
      <texPath>Things/Item/Weapon/SkavenFlamer/Flamer</texPath>
      <graphicClass>Graphic_Single</graphicClass>
    </graphicData>
    <soundInteract>Interact_Rifle</soundInteract>
    <equippedAngleOffset>45</equippedAngleOffset>
    <statBases>
      <WorkToMake>11000</WorkToMake>
      <Mass>10</Mass>
      <RangedWeapon_Cooldown>6</RangedWeapon_Cooldown>
    </statBases>
    <costList>
      <Steel>60</Steel>
      <ComponentIndustrial>3</ComponentIndustrial>
      <PsychoidLeaves>50</PsychoidLeaves>
      <Chemfuel>100</Chemfuel>
    </costList>
    <equippedStatOffsets>
      <MoveSpeed>-0.2</MoveSpeed>
    </equippedStatOffsets>
    <recipeMaker>
      <skillRequirements>
        <Crafting>6</Crafting>
      </skillRequirements>
      <researchPrerequisite>SkavenHeavyWeapon</researchPrerequisite>
      <recipeUsers>
        <li>ElectricSmithy</li>
        <li>FueledSmithy</li>
      </recipeUsers>
    </recipeMaker>
    <tickerType>Normal</tickerType>
    <comps>
      <li Class="CompProperties_Explosive">
        <explosiveRadius>2.9</explosiveRadius>
        <explosiveDamageType>SkavenPoison</explosiveDamageType>
        <requiredDamageTypeToExplode>Flame</requiredDamageTypeToExplode>
      </li>
    </comps>
    <verbs>
      <li>
        <verbClass>Verb_Shoot</verbClass>
        <hasStandardCommand>true</hasStandardCommand>
        <defaultProjectile>Bullet_SkavenSprayer</defaultProjectile>
        <warmupTime>3</warmupTime>
        <range>16</range>
        <forcedMissRadius>2.5</forcedMissRadius>
        <burstShotCount>4</burstShotCount>
        <soundCast>Shot_IncendiaryLauncher</soundCast>
        <soundCastTail>GunTail_Medium</soundCastTail>
        <muzzleFlashScale>40</muzzleFlashScale>
        <targetParams>
          <canTargetLocations>true</canTargetLocations>
        </targetParams>
      </li>
    </verbs>
    <tools>
      <li>
        <label>stock</label>
        <capacities>
          <li>Blunt</li>
        </capacities>
        <power>9</power>
        <cooldownTime>2</cooldownTime>
      </li>
      <li>
        <label>barrel</label>
        <capacities>
          <li>Blunt</li>
          <li>Poke</li>
        </capacities>
        <power>9</power>
        <cooldownTime>2</cooldownTime>
      </li>
    </tools>
  </ThingDef>
  
  <ThingDef ParentName="BaseBullet">
    <defName>Bullet_SkavenSprayer</defName>
    <label>chemical spray</label>
    <graphicData>
      <texPath>Things/Projectile/HoseProjectile</texPath>
      <graphicClass>Graphic_Single</graphicClass>
      <shaderType>TransparentPostLight</shaderType>
    </graphicData>
    <thingClass>Projectile_Explosive</thingClass>
    <projectile>
      <speed>30</speed>
      <damageDef>SkavenPoison</damageDef>
      <explosionRadius>1.5</explosionRadius>
      <preExplosionSpawnThingDef>Filth_Fuel</preExplosionSpawnThingDef>
      <preExplosionSpawnChance>0.6</preExplosionSpawnChance>
      <ai_IsIncendiary>false</ai_IsIncendiary>
    </projectile>
  </ThingDef>

  <ThingDef ParentName="BaseSkavenMakeableGun">
    <defName>Gun_MinigunSkaven</defName>
    <label>ratling gun</label>
    <description>A multi-barrel machine gun. It's unwieldy, but once it starts firing it fires rapidly shredding the target to bits in a hail of bullets.</description>
    <graphicData>
      <texPath>Things/Item/Weapon/SkavenMinigun/Ratling</texPath>
      <graphicClass>Graphic_Single</graphicClass>
    </graphicData>
    <soundInteract>Interact_Rifle</soundInteract>
    <equippedAngleOffset>45</equippedAngleOffset>
    <statBases>
      <WorkToMake>45000</WorkToMake>
      <Mass>10</Mass>
      <AccuracyTouch>0.50</AccuracyTouch>
      <AccuracyShort>0.50</AccuracyShort>
      <AccuracyMedium>0.35</AccuracyMedium>
      <AccuracyLong>0.26</AccuracyLong>
      <RangedWeapon_Cooldown>3</RangedWeapon_Cooldown>
    </statBases>
    <costList>
      <Steel>150</Steel>
      <ComponentIndustrial>4</ComponentIndustrial>
    </costList>
    <recipeMaker>
      <skillRequirements>
        <Crafting>8</Crafting>
      </skillRequirements>
      <researchPrerequisite>SkavenHeavyWeapon</researchPrerequisite>
      <recipeUsers>
        <li>ElectricSmithy</li>
        <li>FueledSmithy</li>
      </recipeUsers>
    </recipeMaker>
    <equippedStatOffsets>
      <MoveSpeed>-0.3</MoveSpeed>
    </equippedStatOffsets>
    <verbs>
      <li>
        <verbClass>Verb_Shoot</verbClass>
        <hasStandardCommand>true</hasStandardCommand>
        <defaultProjectile>Bullet_MinigunSkaven</defaultProjectile>
        <warmupTime>2.5</warmupTime>
        <range>24.9</range>
        <burstShotCount>15</burstShotCount>
        <ticksBetweenBurstShots>5</ticksBetweenBurstShots>
        <soundCast>Shot_Minigun</soundCast>
        <soundCastTail>GunTail_Heavy</soundCastTail>
        <muzzleFlashScale>15</muzzleFlashScale>
      </li>
    </verbs>
    <tools>
      <li>
        <label>barrels</label>
        <capacities>
          <li>Blunt</li>
        </capacities>
        <power>8</power>
        <cooldownTime>2.6</cooldownTime>
      </li>
    </tools>
  </ThingDef>
  <ThingDef ParentName="BaseBullet">
    <defName>Bullet_MinigunSkaven</defName>
    <label>minigun bullet</label>
    <graphicData>
      <texPath>Things/Projectile/Bullet_Small</texPath>
      <graphicClass>Graphic_Single</graphicClass>
    </graphicData>
    <projectile>
      <damageDef>Bullet</damageDef>
      <damageAmountBase>8</damageAmountBase>
      <stoppingPower>2</stoppingPower>
      <armorPenetrationBase>0.3</armorPenetrationBase>
      <speed>70</speed>
    </projectile>
  </ThingDef>

  <ThingDef Name="BaseMakeableSkavenBomb" ParentName="BaseWeapon" Abstract="True">
    <recipeMaker>
      <workSpeedStat>GeneralLaborSpeed</workSpeedStat>
      <workSkill>Crafting</workSkill>
      <effectWorking>Smith</effectWorking>
      <soundWorking>Recipe_Smith</soundWorking>
      <recipeUsers>
        <li>ElectricSmithy</li>
        <li>FueledSmithy</li>
      </recipeUsers>
      <unfinishedThingDef>UnfinishedGun</unfinishedThingDef>
      <researchPrerequisite>SkavenHeavyWeapon</researchPrerequisite>
    </recipeMaker>
  </ThingDef>

  <ThingDef ParentName="BaseMakeableSkavenBomb">
    <defName>Weapon_SkavenPoisonBottle</defName>
    <label>chemical bottle</label>
    <description>Glass bottle with a vile mixture within. It will burn the skin on contact and slowly build up toxins.</description>
    <tickerType>Normal</tickerType>
    <techLevel>Medieval</techLevel>
    <graphicData>
      <texPath>Things/Item/Weapon/PlagueBottle/PlagueBottle</texPath>
      <graphicClass>Graphic_Single</graphicClass>
      <drawSize>(0.7)</drawSize>
    </graphicData>
    <soundInteract>Interact_MolotovCocktail</soundInteract>
    <statBases>
      <Mass>1</Mass>
      <RangedWeapon_Cooldown>2.66</RangedWeapon_Cooldown>
      <WorkToMake>8000</WorkToMake>
    </statBases>
    <costList>
      <PsychoidLeaves>20</PsychoidLeaves>
      <Chemfuel>80</Chemfuel>
    </costList>
    <weaponTags>
      <li>SkavenGrenade</li>
    </weaponTags>
    <thingCategories>
      <li>Grenades</li>
    </thingCategories>
    <verbs>
      <li>
        <label>throw bottle</label>
        <verbClass>Verb_LaunchProjectile</verbClass>
        <hasStandardCommand>true</hasStandardCommand>
        <range>12.9</range>
        <forcedMissRadius>1.2</forcedMissRadius>
        <warmupTime>1.5</warmupTime>
        <noiseRadius>4</noiseRadius>
        <ai_IsBuildingDestroyer>false</ai_IsBuildingDestroyer>
        <soundCast>ThrowMolotovCocktail</soundCast>
        <targetParams>
          <canTargetLocations>true</canTargetLocations>
        </targetParams>
        <defaultProjectile>Proj_PoisonBottle</defaultProjectile>
        <rangedFireRulepack>Combat_RangedFire_Thrown</rangedFireRulepack>
      </li>
    </verbs>
    <comps>
      <li Class="CompProperties_Explosive">
        <explosiveRadius>2.2</explosiveRadius>
        <explosiveDamageType>SkavenPoison</explosiveDamageType>
        <requiredDamageTypeToExplode>Flame</requiredDamageTypeToExplode>
      </li>
    </comps>
  </ThingDef>

  <ThingDef ParentName="BaseGrenadeProjectile">
    <defName>Proj_PoisonBottle</defName>
    <label>posion bottle</label>
    <graphicData>
      <texPath>Things/Item/Weapon/PlagueBottle/PlagueBottle</texPath>
      <graphicClass>Graphic_Single</graphicClass>
    </graphicData>
    <projectile>
      <explosionRadius>1.5</explosionRadius>
      <damageDef>SkavenPoison</damageDef>
      <!-- Use default damage from explosion def -->
      <preExplosionSpawnThingDef>Filth_Fuel</preExplosionSpawnThingDef>
      <ai_IsIncendiary>false</ai_IsIncendiary>
    </projectile>
  </ThingDef>

  <ThingDef ParentName="BaseMeleeWeapon_Blunt_Quality">
    <defName>MeleeWeapon_SkavenProd</defName>
    <label>skaven shock prod</label>
    <description>Cruel invention of the skaven, favoured by clan Moulder for handling their creations. Makes it easier to handle beasts and makes for a dangerous weapon that burns through armour.</description>
    <graphicData>
      <texPath>Things/Item/Weapon/SkavenShockProd/ShockProd</texPath>
      <graphicClass>Graphic_Single</graphicClass>
      <drawSize>(1.3,1.8)</drawSize>
    </graphicData>
    <techLevel>Medieval</techLevel>
    <equippedStatOffsets>
      <TameAnimalChance>0.20</TameAnimalChance>
      <TrainAnimalChance>0.15</TrainAnimalChance>
    </equippedStatOffsets>
    <costList>
      <Steel>75</Steel>
      <Jade>50</Jade>
      <ComponentIndustrial>4</ComponentIndustrial>
    </costList>
    <statBases>
      <WorkToMake>8000</WorkToMake>
      <Mass>3</Mass>
      <AccuracyTouch>0.9</AccuracyTouch>
      <AccuracyShort>0.9</AccuracyShort>
      <AccuracyMedium>0.75</AccuracyMedium>
      <AccuracyLong>0.7</AccuracyLong>
      <RangedWeapon_Cooldown>2</RangedWeapon_Cooldown>
    </statBases>
    <equippedAngleOffset>20</equippedAngleOffset>
    <recipeMaker>
      <skillRequirements>
        <Crafting>5</Crafting>
      </skillRequirements>
      <researchPrerequisite>SkavenMoulderGear</researchPrerequisite>
    </recipeMaker>
    <comps>
    </comps>
    <weaponTags>
      <li>SkavenPack</li>
      <li>SkavenMoulder</li>
    </weaponTags>
    <verbs>
      <li>
        <verbClass>Verb_Shoot</verbClass>
        <hasStandardCommand>true</hasStandardCommand>
        <defaultProjectile>Skaven_ShockProdStab</defaultProjectile>
        <warmupTime>1.5</warmupTime>
        <range>3</range>
        <soundCast>Interact_BeatFire</soundCast>
      </li>
    </verbs>
    <tools>
      <li>
        <label>point</label>
        <capacities>
          <li>SkavenShockProd</li>
        </capacities>
        <power>15</power>
        <cooldownTime>2.5</cooldownTime>
      </li>
    </tools>
  </ThingDef>

  <ThingDef ParentName="BaseProjectileNeolithic">
    <defName>Skaven_ShockProdStab</defName>
    <label>stab</label>
    <graphicData>
      <texPath>Things/Projectile/BardStab</texPath>
      <graphicClass>Graphic_Single</graphicClass>
      <drawSize>(1.2)</drawSize>
    </graphicData>
    <projectile>
      <flyOverhead>false</flyOverhead>
      <damageDef>SkavenShockProd</damageDef>
      <damageAmountBase>14</damageAmountBase>
      <stoppingPower>3.0</stoppingPower>
      <speed>90</speed>
    </projectile>
  </ThingDef>

  <ThingDef ParentName="BaseSkavenMakeableGun">
    <defName>Gun_SkavenSmallWindMortar</defName>
    <label>skaven chemical mortar</label>
    <description>A relatively small mortar. Capable of launching chemicals from far away, however it's widely inaccurate and bulky to carry around.</description>
    <graphicData>
      <texPath>Things/Item/Weapon/SkavenSmallMortar/SmallWindMortar</texPath>
      <graphicClass>Graphic_Single</graphicClass>
    </graphicData>
    <soundInteract>Interact_Rifle</soundInteract>
    <equippedAngleOffset>0</equippedAngleOffset>
    <statBases>
      <WorkToMake>11000</WorkToMake>
      <Mass>25</Mass>
      <RangedWeapon_Cooldown>9</RangedWeapon_Cooldown>
    </statBases>
    <costList>
      <Steel>100</Steel>
      <ComponentIndustrial>2</ComponentIndustrial>
      <PsychoidLeaves>50</PsychoidLeaves>
      <Chemfuel>100</Chemfuel>
    </costList>
    <equippedStatOffsets>
      <MoveSpeed>-0.45</MoveSpeed>
    </equippedStatOffsets>
    <recipeMaker>
      <skillRequirements>
        <Crafting>6</Crafting>
      </skillRequirements>
      <researchPrerequisite>SkavenHeavyWeapon</researchPrerequisite>
      <recipeUsers>
        <li>ElectricSmithy</li>
        <li>FueledSmithy</li>
      </recipeUsers>
    </recipeMaker>
    <tickerType>Normal</tickerType>
    <comps>
      <li Class="CompProperties_Explosive">
        <explosiveRadius>2.9</explosiveRadius>
        <explosiveDamageType>SkavenPoison</explosiveDamageType>
        <requiredDamageTypeToExplode>Flame</requiredDamageTypeToExplode>
      </li>
    </comps>
    <verbs>
      <li>
        <verbClass>Verb_LaunchProjectile</verbClass>
        <hasStandardCommand>true</hasStandardCommand>
        <defaultProjectile>Bullet_SkavenSmallWindMortar</defaultProjectile>
        <warmupTime>5</warmupTime>
        <range>50</range>
        <forcedMissRadius>8</forcedMissRadius>
        <requireLineOfSight>false</requireLineOfSight>
        <minRange>5</minRange>
        <burstShotCount>1</burstShotCount>
        <soundCast>Mortar_LaunchA</soundCast>
        <muzzleFlashScale>16</muzzleFlashScale>
        <targetParams>
          <canTargetLocations>true</canTargetLocations>
        </targetParams>
      </li>
    </verbs>
    <tools>
      <li>
        <label>stock</label>
        <capacities>
          <li>Blunt</li>
        </capacities>
        <power>9</power>
        <cooldownTime>2</cooldownTime>
      </li>
    </tools>
  </ThingDef>

  <ThingDef ParentName="BaseBullet">
    <defName>Bullet_SkavenSmallWindMortar</defName>
    <label>chemical explosion</label>
    <graphicData>
      <texPath>Things/Projectile/HoseProjectile</texPath>
      <graphicClass>Graphic_Single</graphicClass>
      <shaderType>TransparentPostLight</shaderType>
    </graphicData>
    <thingClass>Projectile_Explosive</thingClass>
    <projectile>
      <flyOverhead>true</flyOverhead>
      <speed>30</speed>
      <damageDef>SkavenPoison</damageDef>
      <explosionRadius>2.4</explosionRadius>
      <preExplosionSpawnThingDef>Filth_Fuel</preExplosionSpawnThingDef>
      <preExplosionSpawnChance>0.5</preExplosionSpawnChance>
      <ai_IsIncendiary>false</ai_IsIncendiary>
    </projectile>
  </ThingDef>

  <ThingDef ParentName="BaseMakeableSkavenGun">
    <defName>Gun_WarpPistolSkaven</defName>
    <label>warplock pistol</label>
    <description>The warplock pistol is favoured by the fangleaders of Clan Skryre but can be found among higher-ranking Skaven in most clans. Similar in design to warplock jezzails, yet smaller in scale, warplock pistols are devastating at close range. Warning: avoid excessive damage.</description>
    <graphicData>
      <texPath>Things/Item/Weapon/SkavenWarpPistol/SkavenWarpPistol</texPath>
      <graphicClass>Graphic_Single</graphicClass>
    </graphicData>
    <soundInteract>Interact_Revolver</soundInteract>
    <equippedAngleOffset>45</equippedAngleOffset>
    <statBases>
      <WorkToMake>50000</WorkToMake>
      <Mass>2.5</Mass>
      <AccuracyTouch>0.80</AccuracyTouch>
      <AccuracyShort>0.75</AccuracyShort>
      <AccuracyMedium>0.35</AccuracyMedium>
      <AccuracyLong>0.35</AccuracyLong>
      <RangedWeapon_Cooldown>3</RangedWeapon_Cooldown>
    </statBases>
    <costList>
      <Steel>75</Steel>
      <Jade>50</Jade>
      <ComponentIndustrial>4</ComponentIndustrial>
    </costList>
    <weaponTags>
      <li>SkavenWarplock</li>
    </weaponTags>
    <recipeMaker>
      <skillRequirements>
        <Crafting>10</Crafting>
      </skillRequirements>
      <researchPrerequisite>SkavenMountedGuns</researchPrerequisite>
      <recipeUsers>
        <li>ElectricSmithy</li>
        <li>FueledSmithy</li>
      </recipeUsers>
    </recipeMaker>
    <tickerType>Normal</tickerType>
    <comps>
      <li Class="CompProperties_Explosive">
        <explosiveRadius>3.9</explosiveRadius>
        <explosiveDamageType>Bomb</explosiveDamageType>
      </li>
    </comps>
    <verbs>
      <li>
        <verbClass>Verb_Shoot</verbClass>
        <hasStandardCommand>true</hasStandardCommand>
        <defaultProjectile>Bullet_WarplockJezzail</defaultProjectile>
        <warmupTime>2.4</warmupTime>
        <range>15.9</range>
        <soundCast>Shot_TurretSniper</soundCast>
        <soundCastTail>GunTail_Heavy</soundCastTail>
        <muzzleFlashScale>15</muzzleFlashScale>
      </li>
    </verbs>
    <tools>
      <li>
        <label>barrels</label>
        <capacities>
          <li>Blunt</li>
        </capacities>
        <power>9</power>
        <cooldownTime>2</cooldownTime>
      </li>
    </tools>
  </ThingDef>

</Defs>