<?xml version="1.0" encoding="utf-8" ?>

<Defs>

<ThingDef ParentName="AnimalThingBaseSkavenOgre">
    <defName>RatOgreAbom</defName>
    <label>abomination ogre</label>
    <description>With the help of clan Moulder and the guiding of Throt the Unclean, the mutant ogre is born. Born form the flesh of man to kindly raise them up and unock their true potential.</description>
    <statBases>
      <PainShockThreshold>2</PainShockThreshold>
      <MoveSpeed>5.1</MoveSpeed>
      <ComfyTemperatureMin>-20</ComfyTemperatureMin>
      <ComfyTemperatureMax>35</ComfyTemperatureMax>
      <MarketValue>1200</MarketValue>
      <LeatherAmount>30</LeatherAmount>
      <ArmorRating_Blunt>0.35</ArmorRating_Blunt>
      <ArmorRating_Sharp>0.30</ArmorRating_Sharp>
    </statBases>
  <tools>
    <li>
      <label>left hand</label>
      <capacities>
        <li>Blunt</li>
      </capacities>
      <power>18</power>
      <cooldownTime>2.4</cooldownTime>
      <linkedBodyPartsGroup>Hands</linkedBodyPartsGroup>
      <surpriseAttack>
        <extraMeleeDamages>
          <li>
            <def>Stun</def>
            <amount>5</amount>
          </li>
        </extraMeleeDamages>
      </surpriseAttack>
    </li>
    <li>
      <label>right hand</label>
      <capacities>
        <li>Blunt</li>
      </capacities>
      <power>18</power>
      <cooldownTime>2.4</cooldownTime>
      <linkedBodyPartsGroup>Hands</linkedBodyPartsGroup>
      <surpriseAttack>
        <extraMeleeDamages>
          <li>
            <def>Stun</def>
            <amount>5</amount>
          </li>
        </extraMeleeDamages>
      </surpriseAttack>
    </li>
    <li>
      <label>teeth</label>
      <capacities>
        <li>Bite</li>
      </capacities>
      <power>15.0</power>
      <cooldownTime>2</cooldownTime>
      <linkedBodyPartsGroup>Teeth</linkedBodyPartsGroup>
    </li>
  </tools>
    <race>
      <useMeatFrom>Human</useMeatFrom>
      <needsRest>true</needsRest>
      <intelligence>ToolUser</intelligence>
      <thinkTreeMain>Humanlike</thinkTreeMain>
      <body>RatOgre</body>
      <trainability>Advanced</trainability>
      <predator>true</predator>
      <packAnimal>false</packAnimal>
      <baseHungerRate>1</baseHungerRate>
      <lifeExpectancy>50</lifeExpectancy>
      <baseBodySize>2</baseBodySize>
      <makesFootprints>true</makesFootprints>
      <baseHealthScale>2</baseHealthScale>
      <gestationPeriodDays>32</gestationPeriodDays>
      <wildness>0.6</wildness>
      <foodType>OmnivoreAnimal, OvivoreAnimal</foodType>
      <leatherDef>Leather_Light</leatherDef>
      <manhunterOnDamageChance>0.8</manhunterOnDamageChance>
      <manhunterOnTameFailChance>0.3</manhunterOnTameFailChance>
      <herdAnimal>false</herdAnimal>
      <nameOnTameChance>0.1</nameOnTameChance>
      <nameOnNuzzleChance>0.1</nameOnNuzzleChance>
      <herdMigrationAllowed>false</herdMigrationAllowed>
      <lifeStageAges>
        <li>
          <def>AnimalAdult</def>
          <minAge>0</minAge>
          <soundWounded>Pawn_Boomrat_Wounded</soundWounded>
          <soundDeath>Pawn_Boomrat_Death</soundDeath>
          <soundCall>Pawn_Boomrat_Call</soundCall>
          <soundAngry>Pawn_Boomrat_Angry</soundAngry>
        </li>
      </lifeStageAges>
      <soundMeleeHitPawn>Pawn_Melee_BigBash_HitPawn</soundMeleeHitPawn>
      <soundMeleeHitBuilding>Pawn_Melee_BigBash_HitBuilding</soundMeleeHitBuilding>
      <soundMeleeMiss>Pawn_Melee_BigBash_Miss</soundMeleeMiss>
    </race>
    <tradeTags>
      <li>NoTradeSkaven_Ogre</li>
      <li>NoTradeSkaven_OgreAbom</li>
    </tradeTags>
  </ThingDef>

  <ThingDef ParentName="AnimalThingBaseSkavenOgre">
    <defName>RatOgreAbomAnimal</defName>
    <label>abomination ogre</label>
    <description>With the help of clan Moulder and the guiding of Throt the Unclean. Clan Moulder has truly unlocked mankinds true potential.</description>
    <statBases>
      <PainShockThreshold>2</PainShockThreshold>
      <MoveSpeed>5.1</MoveSpeed>
      <ComfyTemperatureMin>-20</ComfyTemperatureMin>
      <ComfyTemperatureMax>35</ComfyTemperatureMax>
      <MarketValue>1200</MarketValue>
      <LeatherAmount>30</LeatherAmount>
      <ArmorRating_Blunt>0.35</ArmorRating_Blunt>
      <ArmorRating_Sharp>0.30</ArmorRating_Sharp>
    </statBases>
    <tools>
      <li>
        <label>left hand</label>
        <capacities>
          <li>Blunt</li>
        </capacities>
        <power>18</power>
        <cooldownTime>2.4</cooldownTime>
        <linkedBodyPartsGroup>Hands</linkedBodyPartsGroup>
        <surpriseAttack>
          <extraMeleeDamages>
            <li>
              <def>Stun</def>
              <amount>5</amount>
            </li>
          </extraMeleeDamages>
        </surpriseAttack>
      </li>
      <li>
        <label>right hand</label>
        <capacities>
          <li>Blunt</li>
        </capacities>
        <power>18</power>
        <cooldownTime>2.4</cooldownTime>
        <linkedBodyPartsGroup>Hands</linkedBodyPartsGroup>
        <surpriseAttack>
          <extraMeleeDamages>
            <li>
              <def>Stun</def>
              <amount>5</amount>
            </li>
          </extraMeleeDamages>
        </surpriseAttack>
      </li>
      <li>
        <label>teeth</label>
        <capacities>
          <li>Bite</li>
        </capacities>
        <power>15.0</power>
        <cooldownTime>2</cooldownTime>
        <linkedBodyPartsGroup>Teeth</linkedBodyPartsGroup>
      </li>
    </tools>
    <race>
      <useMeatFrom>Alien_Skaven</useMeatFrom>
      <needsRest>true</needsRest>
      <body>RatOgreBland</body>
      <trainability>Advanced</trainability>
      <predator>true</predator>
      <packAnimal>false</packAnimal>
      <baseHungerRate>1.3</baseHungerRate>
      <lifeExpectancy>50</lifeExpectancy>
      <baseBodySize>3</baseBodySize>
      <makesFootprints>true</makesFootprints>
      <baseHealthScale>2.5</baseHealthScale>
      <gestationPeriodDays>25</gestationPeriodDays>
      <wildness>0.60</wildness>
      <foodType>OmnivoreRoughAnimal</foodType>
      <leatherDef>Leather_Light</leatherDef>
      <manhunterOnDamageChance>0.8</manhunterOnDamageChance>
      <manhunterOnTameFailChance>0.25</manhunterOnTameFailChance>
      <herdAnimal>false</herdAnimal>
      <nameOnTameChance>0.1</nameOnTameChance>
      <nameOnNuzzleChance>0.1</nameOnNuzzleChance>
      <herdMigrationAllowed>false</herdMigrationAllowed>
      <lifeStageAges>
        <li>
          <def>AnimalAdult</def>
          <minAge>0</minAge>
          <soundWounded>Pawn_Boomrat_Wounded</soundWounded>
          <soundDeath>Pawn_Boomrat_Death</soundDeath>
          <soundCall>Pawn_Boomrat_Call</soundCall>
          <soundAngry>Pawn_Boomrat_Angry</soundAngry>
        </li>
      </lifeStageAges>
      <soundMeleeHitPawn>Pawn_Melee_BigBash_HitPawn</soundMeleeHitPawn>
      <soundMeleeHitBuilding>Pawn_Melee_BigBash_HitBuilding</soundMeleeHitBuilding>
      <soundMeleeMiss>Pawn_Melee_BigBash_Miss</soundMeleeMiss>
    </race>
    <tradeTags>
      <li>TradeSkaven_Moulder</li>
    </tradeTags>
    <recipes>
      <li>InstallSkavenOgreBlade</li>
      <li>InstallSkavenOgreLeg</li>
      <li>InstallSkavenOgrePlate</li>
      <li>InstallSkavenOgreDenture</li>
    </recipes>
  </ThingDef>
  
</Defs>