﻿<?xml version="1.0" encoding="utf-8" ?>
<Defs>
  <!-- Added body parts -->

  <HediffDef ParentName="AddedBodyPartBase">
    <defName>SkaveOgreDenture</defName>
    <label>denture</label>
    <labelNoun>a denture</labelNoun>
    <addedPartProps>
      <solid>true</solid>
      <partEfficiency>0.80</partEfficiency>
      <betterThanNatural>false</betterThanNatural>
    </addedPartProps>
  </HediffDef>

  <HediffDef ParentName="AddedBodyPartBase">
    <defName>SkavenOgreSteelLeg</defName>
    <label>prosthetic leg</label>
    <labelNoun>a prosthetic leg</labelNoun>
    <spawnThingOnRemoved>SimpleProstheticLeg</spawnThingOnRemoved>
    <addedPartProps>
      <solid>true</solid>
      <partEfficiency>0.85</partEfficiency>
      <betterThanNatural>false</betterThanNatural>
    </addedPartProps>
  </HediffDef>

  <HediffDef ParentName="AddedBodyPartBase">
    <defName>SkavenOgreBlade</defName>
    <label>prosthetic blade</label>
    <labelNoun>a prosthetic blade</labelNoun>
    <comps>
      <li Class="HediffCompProperties_VerbGiver">
        <tools>
          <li>
            <label>blade</label>
            <capacities>
              <li>Blunt</li>
              <li>Cut</li>
              <li>Stab</li>
            </capacities>
            <power>26</power>
            <cooldownTime>2.6</cooldownTime>
            <surpriseAttack>
              <extraMeleeDamages>
                <li>
                  <def>Stun</def>
                  <amount>5</amount>
                </li>
              </extraMeleeDamages>
            </surpriseAttack>
          </li>
        </tools>
      </li>
    </comps>
    <spawnThingOnRemoved>SkavenOgreBlade</spawnThingOnRemoved>
    <addedPartProps>
      <solid>true</solid>
      <partEfficiency>1</partEfficiency>
      <betterThanNatural>false</betterThanNatural>
    </addedPartProps>
  </HediffDef>

  <HediffDef ParentName="AddedBodyPartBase">
    <defName>SkavenOgrePlate</defName>
    <label>steel plate</label>
    <labelNoun>a steel plate</labelNoun>
    <addedPartProps>
      <solid>true</solid>
      <partEfficiency>0</partEfficiency>
    </addedPartProps>
  </HediffDef>

</Defs>
