<?xml version="1.0" encoding="utf-8" ?>
<Defs>

  <PawnKindDef Name="SkavenBase" Abstract="True">
    <label>skaven</label>
    <combatPower>30</combatPower>
    <baseRecruitDifficulty>0.3</baseRecruitDifficulty>
    <apparelIgnoreSeasons>true</apparelIgnoreSeasons>
    <forceNormalGearQuality>false</forceNormalGearQuality>
    <chemicalAddictionChance>0.05</chemicalAddictionChance>
    <apparelAllowHeadgearChance>0.5</apparelAllowHeadgearChance>
  </PawnKindDef>

	<PawnKindDef ParentName="SkavenBase">
		<defName>SkavenColony</defName>
		<label>skaven colonist</label>
		<race>Alien_Skaven</race>
    <backstoryFiltersOverride>
      <li>
        <categories>
          <li>SkavenSlave</li>
        </categories>
      </li>
    </backstoryFiltersOverride>
		<chemicalAddictionChance>0.03</chemicalAddictionChance>
		<apparelTags>
			<li>SkavenSlave</li>
		</apparelTags>
    <apparelMoney>
      <min>100</min>
      <max>200</max>
    </apparelMoney>
		<weaponTags>
		</weaponTags>
		<weaponMoney>
			<min>0</min>
			<max>0</max>
		</weaponMoney>
    <initialWillRange>0~1</initialWillRange>
    <initialResistanceRange>10~17</initialResistanceRange>
	</PawnKindDef>

  <PawnKindDef ParentName="SkavenBase">
    <defName>SkavenTribe</defName>
    <label>skaven tribe</label>
    <race>Alien_Skaven</race>
    <backstoryFiltersOverride>
      <li>
        <categories>
          <li>SkavenSlave</li>
        </categories>
      </li>
    </backstoryFiltersOverride>
    <chemicalAddictionChance>0.03</chemicalAddictionChance>
    <apparelTags>
      <li>SkavenSlave</li>
    </apparelTags>
    <apparelMoney>
      <min>100</min>
      <max>200</max>
    </apparelMoney>
    <weaponTags>
    </weaponTags>
    <weaponMoney>
      <min>0</min>
      <max>0</max>
    </weaponMoney>
    <initialWillRange>0~1</initialWillRange>
    <initialResistanceRange>10~17</initialResistanceRange>
  </PawnKindDef>

  <PawnKindDef ParentName="SkavenBase">
    <defName>SkavenSlavePlayer</defName>
    <label>skaven slave</label>
    <race>Alien_Skaven</race>
    <backstoryFiltersOverride>
      <li>
        <categories>
          <li>SkavenSlave</li>
        </categories>
      </li>
    </backstoryFiltersOverride>
    <chemicalAddictionChance>0.03</chemicalAddictionChance>
    <apparelTags>
      <li>SkavenSlave</li>
    </apparelTags>
    <apparelMoney>
      <min>100</min>
      <max>200</max>
    </apparelMoney>
    <weaponTags>
    </weaponTags>
    <weaponMoney>
      <min>0</min>
      <max>0</max>
    </weaponMoney>
    <initialWillRange>0~1</initialWillRange>
    <initialResistanceRange>10~17</initialResistanceRange>
  </PawnKindDef>

  <PawnKindDef>
    <defName>PlayerSkavenSlave</defName>
    <label>slaverat</label>
    <race>Alien_Skaven</race>
    <backstoryFiltersOverride>
      <li>
        <categories>
          <li>SkavenSlave</li>
        </categories>
      </li>
    </backstoryFiltersOverride>
    <combatPower>30</combatPower>
    <apparelTags>
      <li>SkavenSlave</li>
    </apparelTags>
    <apparelMoney>
      <min>100</min>
      <max>200</max>
    </apparelMoney>
    <weaponTags>
    </weaponTags>
    <weaponMoney>
      <min>0</min>
      <max>0</max>
    </weaponMoney>
    <initialWillRange>0~1</initialWillRange>
    <initialResistanceRange>10~17</initialResistanceRange>
  </PawnKindDef>

  <PawnKindDef>
    <defName>SkavenClanPlayer</defName>
    <label>clanrat</label>
    <race>Alien_Skaven</race>
    <backstoryFiltersOverride>
      <li>
        <categories>
          <li>SkavenClanrat</li>
        </categories>
      </li>
    </backstoryFiltersOverride>
    <combatPower>30</combatPower>
    <apparelTags>
      <li>SkavenClan</li>
    </apparelTags>
    <apparelMoney>
      <min>200</min>
      <max>300</max>
    </apparelMoney>
    <weaponTags>
      <li>MedievalMeleeDecent</li>
    </weaponTags>
    <weaponMoney>
      <min>150</min>
      <max>150</max>
    </weaponMoney>
    <initialWillRange>1~3</initialWillRange>
    <initialResistanceRange>5~9</initialResistanceRange>
  </PawnKindDef>

  <PawnKindDef>
    <defName>SkavenHornedPlayer</defName>
    <label>seer</label>
    <race>Alien_HornedSkaven</race>
    <backstoryFiltersOverride>
      <li>
        <categories>
          <li>SkavenSeer</li>
        </categories>
      </li>
    </backstoryFiltersOverride>
    <minGenerationAge>20</minGenerationAge>
    <maxGenerationAge>80</maxGenerationAge>
    <combatPower>30</combatPower>
    <apparelTags>
      <li>SkavenSeer</li>
    </apparelTags>
    <apparelMoney>
      <min>200</min>
      <max>300</max>
    </apparelMoney>
    <weaponTags>
      <li>MedievalMeleeDecent</li>
    </weaponTags>
    <weaponMoney>
      <min>150</min>
      <max>150</max>
    </weaponMoney>
    <initialWillRange>3~5</initialWillRange>
    <initialResistanceRange>19~50</initialResistanceRange>
  </PawnKindDef>

  <PawnKindDef>
    <defName>SkavenStormPlayer</defName>
    <label>Stormvermin</label>
    <race>Alien_SkavenStorm</race>
    <backstoryFiltersOverride>
      <li>
        <categories>
          <li>SkavenStormvermin</li>
        </categories>
      </li>
    </backstoryFiltersOverride>
    <minGenerationAge>20</minGenerationAge>
    <maxGenerationAge>40</maxGenerationAge>
    <combatPower>30</combatPower>
    <apparelTags>
      <li>SkavenClan</li>
    </apparelTags>
    <apparelMoney>
      <min>200</min>
      <max>300</max>
    </apparelMoney>
    <weaponTags>
      <li>MedievalMeleeDecent</li>
    </weaponTags>
    <weaponMoney>
      <min>150</min>
      <max>150</max>
    </weaponMoney>
    <initialWillRange>3~5</initialWillRange>
    <initialResistanceRange>19~30</initialResistanceRange>
  </PawnKindDef>



</Defs>