﻿<?xml version="1.0" encoding="utf-8" ?>
<Defs>

  <ScenarioDef>
    <defName>SkavenScenario</defName>
    <label>Skaven clan</label>
    <description>A group of skaven leave from the Under-Empire with some stolen warpstone batteries and a cannon. Set on raising their clans name above the rest they build their own hold out on the Rimworld.</description>
    <scenario>
      <summary>A group of skaven set out to build their own clan hold.</summary>
      <playerFaction>
        <def>PlayerFaction</def>
        <factionDef>SkavenPlayerFaction</factionDef>
      </playerFaction>
      <parts>

        <!-- Config pages -->
        <li Class="ScenPart_ConfigPage_ConfigureStartingPawns">
          <def>ConfigPage_ConfigureStartingPawns</def>
          <pawnCount>3</pawnCount>
          <pawnChoiceCount>6</pawnChoiceCount>
        </li>

        <!-- Player starting stuff spawn method-->
        <li Class="ScenPart_PlayerPawnsArriveMethod">
          <def>PlayerPawnsArriveMethod</def>
          <method>Standing</method>
        </li>
  
        <!-- Player pawns modifiers -->
        <li Class="ScenPart_SetNeedLevel">
          <def>SetNeedLevel</def>
          <visible>false</visible>
          <context>PlayerStarter</context>
          <chance>1.0</chance>
          <need>Food</need>
          <levelRange>
            <min>0.7</min>
            <max>0.9</max>
          </levelRange>
        </li>
        <li Class="ScenPart_SetNeedLevel">
          <def>SetNeedLevel</def>
          <visible>false</visible>
          <context>PlayerStarter</context>
          <chance>1.0</chance>
          <need>Rest</need>
          <levelRange>
            <min>0.3</min>
            <max>0.6</max>
          </levelRange>
        </li>
        
        <!-- Player starting things -->
        <li Class="ScenPart_StartingThing_Defined">
          <def>StartingThing_Defined</def>
          <thingDef>Pemmican</thingDef>
          <count>400</count>
        </li>
        <li Class="ScenPart_StartingThing_Defined">
          <def>StartingThing_Defined</def>
          <thingDef>SkavenWarpBattery</thingDef>
          <count>2</count>
        </li>
        <li Class="ScenPart_StartingThing_Defined">
          <def>StartingThing_Defined</def>
          <thingDef>Turret_WarpCannonSmall</thingDef>
          <count>1</count>
        </li>
        <li Class="ScenPart_StartingAnimal">
          <def>StartingAnimal</def>
          <animalKind>Rat</animalKind>
          <count>3</count>
          <bondToRandomPlayerPawnChance>1.0</bondToRandomPlayerPawnChance>
        </li>

        <li Class="ScenPart_ScatterThingsNearPlayerStart">
          <def>ScatterThingsNearPlayerStart</def>
          <thingDef>Jade</thingDef>
          <count>75</count>
        </li>

        <!-- Starting research -->
        <li Class="ScenPart_StartingResearch">
          <def>StartingResearch</def>
          <project>SkavenStart</project>
        </li>
        <li Class="ScenPart_StartingResearch">
          <def>StartingResearch</def>
          <project>SkavenCloth</project>
        </li>
        <li Class="ScenPart_StartingResearch">
          <def>StartingResearch</def>
          <project>ComplexFurniture</project>
        </li>
        <li Class="ScenPart_StartingResearch">
          <def>StartingResearch</def>
          <project>Brewing</project>
        </li>
        <li Class="ScenPart_StartingResearch">
          <def>StartingResearch</def>
          <project>Stonecutting</project>
        </li>
        
        <!-- Game start dialog -->
        <li Class="ScenPart_GameStartDialog">
          <def>GameStartDialog</def>
          <text>You stand on unkown ground together with your followers, with the stolen batteries and the cannon at hand.</text>
          <closeSound>GameStartSting</closeSound>
        </li>
      </parts>
    </scenario>
  </ScenarioDef>

</Defs>
