<?xml version="1.0" encoding="utf-8" ?>
<Defs>
    <AlienRace.RaceSettings>
        <defName>SkavenRaceSettings</defName>
            <pawnKindSettings>
                <startingColonists>
                  <li>
                    <pawnKindEntries>
                      <li>
                        <kindDefs>
                          <li>SkavenColony</li>
                        </kindDefs>
                        <chance>5.0</chance>
                      </li>
                    </pawnKindEntries>
                    <factionDefs>
                      <li>PlayerColony</li>
                    </factionDefs>
                  </li>
                  <li>
                    <pawnKindEntries>
                      <li>
                        <kindDefs>
                          <li>SkavenTribe</li>
                        </kindDefs>
                        <chance>5.0</chance>
                      </li>
                    </pawnKindEntries>
                    <factionDefs>
                      <li>PlayerTribe</li>
                    </factionDefs>
                  </li>
                </startingColonists>
              <alienslavekinds>
                <li>
                  <kindDefs>
                    <li>TraderSlaveRatMissile</li>
                  </kindDefs>
                  <chance>0.1</chance>
                </li>
              </alienslavekinds>
              <alienwandererkinds>
                <li>
                  <pawnKindEntries>
                    <li>
                      <kindDefs>
                        <li>TraderSlaveRatMissile</li>
                      </kindDefs>
                      <chance>0.1</chance>
                    </li>
                  </pawnKindEntries>
                  <factionDefs>
                    <li>PlayerColony</li>
                  </factionDefs>
                </li>
              </alienwandererkinds>
            </pawnKindSettings>
    </AlienRace.RaceSettings>

  <AlienRace.RaceSettings>
    <defName>SkavenScenarioRaceSettings</defName>
    <pawnKindSettings>
      <startingColonists>
        <li>
          <pawnKindEntries>
            <li>
              <kindDefs>
                <li>SkavenClanPlayer</li>
                <li>SkavenHornedPlayer</li>
                <li>SkavenStormPlayer</li>
              </kindDefs>
              <chance>25.0</chance>
            </li>
          </pawnKindEntries>
          <factionDefs>
            <li>SkavenPlayerFaction</li>
          </factionDefs>
        </li>
      </startingColonists>
      
      <alienslavekinds>
        <li>
          <kindDefs>
            <li>TraderSlaveRatMissile</li>
            <li>TraderClanratLow</li>
          </kindDefs>
          <chance>0.8</chance>
        </li>
      </alienslavekinds>
      
      <alienwandererkinds>
        <li>
          <pawnKindEntries>
            <li>
              <kindDefs>
                <li>TraderSlaveRatMissile</li>
                <li>TraderClanratLow</li>
                <li>SkavenStormPlayer</li>
              </kindDefs>
              <chance>0.8</chance>
            </li>
          </pawnKindEntries>
          <factionDefs>
            <li>SkavenPlayerFaction</li>
          </factionDefs>
        </li>
      </alienwandererkinds> 
    </pawnKindSettings>
  </AlienRace.RaceSettings>

</Defs>