<?xml version="1.0" encoding="utf-8" ?>
<Defs>

  <!-- Culture-specific content -->

  <RulePackDef>
    <defName>NamerDeityKTSkaven</defName>
    <include>
      <li MayRequire="Ludeon.RimWorld.Ideology">NamerDeityGlobal</li>
    </include>
    <rulePack>
      <rulesStrings>
        <li>name->[syl]</li>

        <li>syl->Horned Rat</li>
        <li>syl->Under-Father</li>
        <li>syl->the Lord of the World Below</li>
        <li>syl->the Horned Rat</li>
        <li>syl->Great Horned Rat</li>

      </rulesStrings>
    </rulePack>
  </RulePackDef>


</Defs>