<?xml version="1.0" encoding="utf-8" ?>
<Defs>
  <!--===================== educated =====================-->

  <AlienRace.BackstoryDef>
    <defName>SkavenEngineer</defName>
    <title>engineer</title>
    <titleShort>engineer</titleShort>
    <baseDescription>[PAWN_nameDef] is a skaven engineer. Spending most time crafting various weapons and constructions to aid the clan or fighting on the battlefields with their various contraptions.</baseDescription>
    <bodyTypeMale>Male</bodyTypeMale>
    <bodyTypeFemale>Thin</bodyTypeFemale>
    <slot>Adulthood</slot>
    <skillGains>
      <li>
        <defName>Crafting</defName>
        <amount>5</amount>
      </li>
      <li>
        <defName>Construction</defName>
        <amount>2</amount>
      </li>
      <li>
        <defName>Intellectual</defName>
        <amount>2</amount>
      </li>
      <li>
        <defName>Shooting</defName>
        <amount>2</amount>
      </li>
    </skillGains>
    <spawnCategories>
      <li>SkavenEducated</li>
      <li>SkavenEngineer</li>
    </spawnCategories>
    <requiredWorkTags>
      <li>Crafting</li>
      <li>Intellectual</li>
    </requiredWorkTags>
  </AlienRace.BackstoryDef>

  <AlienRace.BackstoryDef>
    <defName>SkavenScribe</defName>
    <title>scribe</title>
    <titleShort>scribe</titleShort>
    <baseDescription>[PAWN_nameDef] is a skaven scribe. Of what little history is stored in the empire. [PAWN_nameDef] handles most of it.</baseDescription>
    <bodyTypeMale>Male</bodyTypeMale>
    <bodyTypeFemale>Thin</bodyTypeFemale>
    <slot>Adulthood</slot>
    <skillGains>
      <li>
        <defName>Intellectual</defName>
        <amount>5</amount>
      </li>
      <li>
        <defName>Social</defName>
        <amount>2</amount>
      </li>
      <li>
        <defName>Medicine</defName>
        <amount>1</amount>
      </li>
      <li>
        <defName>Shooting</defName>
        <amount>2</amount>
      </li>
    </skillGains>
    <spawnCategories>
      <li>SkavenEducated</li>
      <li>SkavenEngineer</li>
    </spawnCategories>
    <requiredWorkTags>
      <li>Intellectual</li>
      <li>Social</li>
      <li>Caring</li>
    </requiredWorkTags>
  </AlienRace.BackstoryDef>

  <AlienRace.BackstoryDef>
    <defName>SkavenSeer</defName>
    <title>seer</title>
    <titleShort>seer</titleShort>
    <baseDescription>[PAWN_nameDef] is a highly regarded seer. Serving their master, the seers take part in every move of the empire.</baseDescription>
    <bodyTypeMale>Male</bodyTypeMale>
    <bodyTypeFemale>Male</bodyTypeFemale>
    <slot>Adulthood</slot>
    <skillGains>
      <li>
        <defName>Intellectual</defName>
        <amount>3</amount>
      </li>
      <li>
        <defName>Social</defName>
        <amount>5</amount>
      </li>
      <li>
        <defName>Medicine</defName>
        <amount>3</amount>
      </li>
      <li>
        <defName>Melee</defName>
        <amount>4</amount>
      </li>
    </skillGains>
    <spawnCategories>
      <li>SkavenSeer</li>
    </spawnCategories>
    <requiredWorkTags>
      <li>Intellectual</li>
      <li>Social</li>
    </requiredWorkTags>
  </AlienRace.BackstoryDef>

  <!--===================== clan =====================-->
  
	<AlienRace.BackstoryDef>
		<defName>ClanratGrunt</defName>
		<title>clanrat</title>
		<titleShort>clanrat</titleShort>
		<baseDescription>[PAWN_nameDef] belongs to one of the thousands of clans scattered throughout the empire.</baseDescription>
		<bodyTypeMale>Male</bodyTypeMale>
		<bodyTypeFemale>Thin</bodyTypeFemale>
		<slot>Adulthood</slot>
    <skillGains>
      <li>
        <defName>Shooting</defName>
        <amount>2</amount>
      </li>
      <li>
        <defName>Melee</defName>
        <amount>2</amount>
      </li>
    </skillGains>
    <spawnCategories>
      <li>SkavenClanrat</li>
    </spawnCategories>
    <requiredWorkTags>
      <li>Violent</li>
    </requiredWorkTags>
	</AlienRace.BackstoryDef>

  <AlienRace.BackstoryDef>
    <defName>ClanratExSlave</defName>
    <title>former slave</title>
    <titleShort>ex-slave</titleShort>
    <baseDescription>[PAWN_nameDef] used to be a slave for a while, now [PAWN_nameDef] has risen and joined one of the many clans throughout the empire.</baseDescription>
    <bodyTypeMale>Male</bodyTypeMale>
    <bodyTypeFemale>Thin</bodyTypeFemale>
    <slot>Adulthood</slot>
    <skillGains>
      <li>
        <defName>Construction</defName>
        <amount>1</amount>
      </li>
      <li>
        <defName>Mining</defName>
        <amount>2</amount>
      </li>
      <li>
        <defName>Shooting</defName>
        <amount>2</amount>
      </li>
      <li>
        <defName>Melee</defName>
        <amount>1</amount>
      </li>
    </skillGains>
    <spawnCategories>
      <li>SkavenClanrat</li>
    </spawnCategories>
    <requiredWorkTags>
      <li>Violent</li>
      <li>Mining</li>
    </requiredWorkTags>
  </AlienRace.BackstoryDef>

  <AlienRace.BackstoryDef>
    <defName>ClanratGladiator</defName>
    <title>gladiator</title>
    <titleShort>gladiator</titleShort>
    <baseDescription>[PAWN_nameDef] fights in the skaven arena and lived to fight for another day.</baseDescription>
    <bodyTypeMale>Male</bodyTypeMale>
    <bodyTypeFemale>Thin</bodyTypeFemale>
    <slot>Adulthood</slot>
    <skillGains>
      <li>
        <defName>Shooting</defName>
        <amount>2</amount>
      </li>
      <li>
        <defName>Melee</defName>
        <amount>4</amount>
      </li>
    </skillGains>
    <forcedTraits>
      <li>
        <defName>Bloodlust</defName>
        <chance>5</chance>
      </li>
      <li>
        <defName>Tough</defName>
        <chance>10</chance>
      </li>
    </forcedTraits>
    <spawnCategories>
      <li>SkavenClanrat</li>
    </spawnCategories>
    <requiredWorkTags>
      <li>Violent</li>
      <li>Mining</li>
    </requiredWorkTags>
    <workDisables>
      <li>Artistic</li>
      <li>Intellectual</li>
    </workDisables>
  </AlienRace.BackstoryDef>

  <AlienRace.BackstoryDef>
    <defName>ClanratRunner</defName>
    <title>runner</title>
    <titleShort>runner</titleShort>
    <baseDescription>[PAWN_nameDef] runs errands and does the dirty work of the clan.</baseDescription>
    <bodyTypeMale>Thin</bodyTypeMale>
    <bodyTypeFemale>Thin</bodyTypeFemale>
    <slot>Adulthood</slot>
    <skillGains>
      <li>
        <defName>Shooting</defName>
        <amount>5</amount>
      </li>
      <li>
        <defName>Melee</defName>
        <amount>2</amount>
      </li>
      <li>
        <defName>Intellectual</defName>
        <amount>1</amount>
      </li>
      <li>
        <defName>Social</defName>
        <amount>2</amount>
      </li>
    </skillGains>
    <forcedTraits>
      <li>
        <defName>Bloodlust</defName>
        <chance>5</chance>
      </li>
      <li>
        <defName>Nimble</defName>
        <chance>10</chance>
      </li>
    </forcedTraits>
    <spawnCategories>
      <li>SkavenClanrat</li>
    </spawnCategories>
    <requiredWorkTags>
      <li>Violent</li>
    </requiredWorkTags>
    <workDisables>
      <li>Artistic</li>
    </workDisables>
  </AlienRace.BackstoryDef>

  <AlienRace.BackstoryDef>
    <defName>ClanratMarksman</defName>
    <title>marksman</title>
    <titleShort>marksman</titleShort>
    <baseDescription>[PAWN_nameDef] is a natrual crack-shot with the crossbow. [PAWN_nameDef] have survived numeral battles staying on the sideline with the crossbow.</baseDescription>
    <bodyTypeMale>Thin</bodyTypeMale>
    <bodyTypeFemale>Thin</bodyTypeFemale>
    <slot>Adulthood</slot>
    <skillGains>
      <li>
        <defName>Shooting</defName>
        <amount>5</amount>
      </li>
      <li>
        <defName>Medicine</defName>
        <amount>2</amount>
      </li>
    </skillGains>
    <forcedTraits>
      <li>
        <defName>ShootingAccuracy</defName>
        <degree>1</degree>
        <chance>10</chance>
      </li>
    </forcedTraits>
    <spawnCategories>
      <li>SkavenClanrat</li>
    </spawnCategories>
    <requiredWorkTags>
      <li>Violent</li>
    </requiredWorkTags>
  </AlienRace.BackstoryDef>

  <AlienRace.BackstoryDef>
    <defName>ClanratSmart</defName>
    <title>survivor</title>
    <titleShort>survivor</titleShort>
    <baseDescription>[PAWN_nameDef] knows all the ins and out of the skaven society and lives more than just a good life in the burrows.</baseDescription>
    <bodyTypeMale>Male</bodyTypeMale>
    <bodyTypeFemale>Thin</bodyTypeFemale>
    <slot>Adulthood</slot>
    <skillGains>
      <li>
        <defName>Shooting</defName>
        <amount>1</amount>
      </li>
      <li>
        <defName>Melee</defName>
        <amount>2</amount>
      </li>
      <li>
        <defName>Medicine</defName>
        <amount>2</amount>
      </li>
      <li>
        <defName>Social</defName>
        <amount>3</amount>
      </li>
    </skillGains>
    <spawnCategories>
      <li>SkavenClanrat</li>
    </spawnCategories>
    <requiredWorkTags>
      <li>Violent</li>
      <li>Social</li>
    </requiredWorkTags>
  </AlienRace.BackstoryDef>

  <!--===================== slave =====================-->
  
  <AlienRace.BackstoryDef>
    <defName>SlaveratExClan</defName>
    <title>former clanrat</title>
    <titleShort>ex-clan</titleShort>
    <baseDescription>[PAWN_nameDef] used to be part of a ruined clan. Now [PAWN_nameDef] has consigned to life as a slave rat.</baseDescription>
    <bodyTypeMale>Thin</bodyTypeMale>
    <bodyTypeFemale>Thin</bodyTypeFemale>
    <slot>Adulthood</slot>
    <skillGains>
      <li>
        <defName>Construction</defName>
        <amount>1</amount>
      </li>
      <li>
        <defName>Mining</defName>
        <amount>3</amount>
      </li>
    </skillGains>
    <spawnCategories>
      <li>SkavenSlave</li>
    </spawnCategories>
    <workDisables>
      <li>Artistic</li>
      <li>Intellectual</li>
    </workDisables>
    <requiredWorkTags>
      <li>Mining</li>
      <li>ManualDumb</li>
    </requiredWorkTags>
  </AlienRace.BackstoryDef>

  <AlienRace.BackstoryDef>
    <defName>SlaveratAmbitious</defName>
    <title>ambitious slave</title>
    <titleShort>ambitious</titleShort>
    <baseDescription>[PAWN_nameDef] has not given up and dreams of climbing the ranks.</baseDescription>
    <bodyTypeMale>Male</bodyTypeMale>
    <bodyTypeFemale>Thin</bodyTypeFemale>
    <slot>Adulthood</slot>
    <skillGains>
      <li>
        <defName>Construction</defName>
        <amount>1</amount>
      </li>
      <li>
        <defName>Mining</defName>
        <amount>1</amount>
      </li>
      <li>
        <defName>Social</defName>
        <amount>2</amount>
      </li>
      <li>
        <defName>Shooting</defName>
        <amount>2</amount>
      </li>
    </skillGains>
    <forcedTraits>
      <li>
        <defName>Bloodlust</defName>
        <chance>5</chance>
      </li>
      <li>
        <defName>Tough</defName>
        <chance>7</chance>
      </li>
    </forcedTraits>
    <spawnCategories>
      <li>SkavenSlave</li>
    </spawnCategories>
    <requiredWorkTags>
      <li>Violent</li>
    </requiredWorkTags>
  </AlienRace.BackstoryDef>

  <AlienRace.BackstoryDef>
    <defName>SlaveratAlwaysSlave</defName>
    <title>consigned slave</title>
    <titleShort>consigned</titleShort>
    <baseDescription>[PAWN_nameDef] has been a slave for the longest time. History in the eye of a skaven is short and [PAWN_nameDef] own history is as short if not shorter.</baseDescription>
    <bodyTypeMale>Thin</bodyTypeMale>
    <bodyTypeFemale>Thin</bodyTypeFemale>
    <slot>Adulthood</slot>
    <skillGains>
      <li>
        <defName>Construction</defName>
        <amount>2</amount>
      </li>
      <li>
        <defName>Mining</defName>
        <amount>2</amount>
      </li>
      <li>
        <defName>Shooting</defName>
        <amount>2</amount>
      </li>
    </skillGains>
    <spawnCategories>
      <li>SkavenSlave</li>
    </spawnCategories>
    <workDisables>
      <li>Artistic</li>
      <li>Intellectual</li>
    </workDisables>
    <requiredWorkTags>
      <li>Mining</li>
      <li>ManualDumb</li>
    </requiredWorkTags>
  </AlienRace.BackstoryDef>

  <AlienRace.BackstoryDef>
    <defName>SlaveratGladiator</defName>
    <title>gladiator</title>
    <titleShort>gladiator</titleShort>
    <baseDescription>[PAWN_nameDef] is know for fighting in the arena and surviving for the next fight.</baseDescription>
    <bodyTypeMale>Male</bodyTypeMale>
    <bodyTypeFemale>Thin</bodyTypeFemale>
    <slot>Adulthood</slot>
    <skillGains>
      <li>
        <defName>Mining</defName>
        <amount>3</amount>
      </li>
      <li>
        <defName>Shooting</defName>
        <amount>2</amount>
      </li>
      <li>
        <defName>Melee</defName>
        <amount>4</amount>
      </li>
    </skillGains>
    <forcedTraits>
      <li>
        <defName>Bloodlust</defName>
        <chance>5</chance>
      </li>
      <li>
        <defName>Tough</defName>
        <chance>10</chance>
      </li>
      <li>
        <defName>Nimble</defName>
        <chance>10</chance>
      </li>
    </forcedTraits>
    <spawnCategories>
      <li>SkavenSlave</li>
    </spawnCategories>
    <workDisables>
      <li>Artistic</li>
      <li>Intellectual</li>
    </workDisables>
    <requiredWorkTags>
      <li>Violent</li>
    </requiredWorkTags>
  </AlienRace.BackstoryDef>

  <AlienRace.BackstoryDef>
    <defName>SlaveratCourier</defName>
    <title>courier</title>
    <titleShort>courier</titleShort>
    <baseDescription>[PAWN_nameDef] is a courier for one of the higher clans. Delivering messages and doing the dirty work has given [PAWN_nameDef] alot of mixed experience.</baseDescription>
    <bodyTypeMale>Male</bodyTypeMale>
    <bodyTypeFemale>Thin</bodyTypeFemale>
    <slot>Adulthood</slot>
    <skillGains>
      <li>
        <defName>Shooting</defName>
        <amount>2</amount>
      </li>
      <li>
        <defName>Melee</defName>
        <amount>2</amount>
      </li>
      <li>
        <defName>Intellectual</defName>
        <amount>1</amount>
      </li>
      <li>
        <defName>Social</defName>
        <amount>2</amount>
      </li>
      <li>
        <defName>Medicine</defName>
        <amount>2</amount>
      </li>
    </skillGains>
    <forcedTraits>
      <li>
        <defName>Nimble</defName>
        <chance>7</chance>
      </li>
    </forcedTraits>
    <spawnCategories>
      <li>SkavenSlave</li>
    </spawnCategories>
    <workDisables>
      <li>Artistic</li>
    </workDisables>
    <requiredWorkTags>
      <li>Violent</li>
      <li>Social</li>
    </requiredWorkTags>
  </AlienRace.BackstoryDef>

  <AlienRace.BackstoryDef>
    <defName>SlaveratTrash</defName>
    <title>slave</title>
    <titleShort>slave</titleShort>
    <baseDescription>[PAWN_nameDef] is of the lowest of the lowest. A struggeling rat trying to scrape by in a harsh world where the strong rules.</baseDescription>
    <bodyTypeMale>Male</bodyTypeMale>
    <bodyTypeFemale>Thin</bodyTypeFemale>
    <slot>Adulthood</slot>
    <skillGains>
      <li>
        <defName>Mining</defName>
        <amount>2</amount>
      </li>
    </skillGains>
    <forcedTraits>
      <li>
        <defName>Wimp</defName>
        <chance>5</chance>
      </li>
    </forcedTraits>
    <spawnCategories>
      <li>SkavenSlave</li>
    </spawnCategories>
    <workDisables>
      <li>Artistic</li>
      <li>Intellectual</li>
      <li>Caring</li>
    </workDisables>
    <requiredWorkTags>
      <li>Mining</li>
    </requiredWorkTags>
  </AlienRace.BackstoryDef>

    <AlienRace.BackstoryDef>
      <defName>SlaveratExScribe</defName>
      <title>former scribe</title>
      <titleShort>ex-scribe</titleShort>
      <baseDescription>[PAWN_nameDef] used to be of a higher standing, working as a scribe for one of the clans.</baseDescription>
      <bodyTypeMale>Thin</bodyTypeMale>
      <bodyTypeFemale>Thin</bodyTypeFemale>
      <slot>Adulthood</slot>
      <skillGains>
        <li>
          <defName>Social</defName>
          <amount>1</amount>
        </li>
        <li>
          <defName>Medicine</defName>
          <amount>3</amount>
        </li>
        <li>
          <defName>Intellectual</defName>
          <amount>3</amount>
        </li>
      </skillGains>
      <spawnCategories>
        <li>SkavenSlave</li>
      </spawnCategories>
      <requiredWorkTags>
        <li>Intellectual</li>
        <li>Social</li>
      </requiredWorkTags>
    </AlienRace.BackstoryDef>
   

  <!--===================== childhood =====================-->

  <!--===================== educated =====================-->

  <AlienRace.BackstoryDef>
    <defName>SkavenBornClan</defName>
    <title>clanrat</title>
    <titleShort>clanrat</titleShort>
    <baseDescription>[PAWN_nameDef] was born in a clan.</baseDescription>
    <bodyTypeMale>Male</bodyTypeMale>
    <bodyTypeFemale>Thin</bodyTypeFemale>
    <slot>Childhood</slot>
    <skillGains>
      <li>
        <defName>Melee</defName>
        <amount>2</amount>
      </li>
      <li>
        <defName>Shooting</defName>
        <amount>2</amount>
      </li>
    </skillGains>
    <requiredWorkTags>
      <li>Violent</li>
    </requiredWorkTags>
    <spawnCategories>
      <li>SkavenEngineer</li>
      <li>SkavenTrader</li>
      <li>SkavenHireling</li>
    </spawnCategories>
  </AlienRace.BackstoryDef>

  <AlienRace.BackstoryDef>
    <defName>SkavenBornSlave</defName>
    <title>born in slavery</title>
    <titleShort>slave</titleShort>
    <baseDescription>[PAWN_nameDef] was born as a slave but managed to prove themself and climb to the highest reaches.</baseDescription>
    <bodyTypeMale>Thin</bodyTypeMale>
    <bodyTypeFemale>Thin</bodyTypeFemale>
    <slot>Childhood</slot>
    <skillGains>
      <li>
        <defName>Intellectual</defName>
        <amount>2</amount>
      </li>
      <li>
        <defName>Shooting</defName>
        <amount>2</amount>
      </li>
    </skillGains>
    <requiredWorkTags>
      <li>Mining</li>
    </requiredWorkTags>
    <spawnCategories>
      <li>SkavenEngineer</li>
      <li>SkavenTrader</li>
    </spawnCategories>
  </AlienRace.BackstoryDef>

  <AlienRace.BackstoryDef>
    <defName>SkavenSeerBorn</defName>
    <title>taken as a seer candidate</title>
    <titleShort>candidate</titleShort>
    <baseDescription>[PAWN_nameDef] was taken from birth to be trained as a seer.</baseDescription>
    <bodyTypeMale>Male</bodyTypeMale>
    <bodyTypeFemale>Thin</bodyTypeFemale>
    <slot>Childhood</slot>
    <skillGains>
      <li>
        <defName>Intellectual</defName>
        <amount>2</amount>
      </li>
      <li>
        <defName>Social</defName>
        <amount>2</amount>
      </li>
      <li>
        <defName>Medicine</defName>
        <amount>1</amount>
      </li>
      <li>
        <defName>Melee</defName>
        <amount>1</amount>
      </li>
    </skillGains>
    <requiredWorkTags>
      <li>Intellectual</li>
      <li>Social</li>
      <li>Caring</li>
    </requiredWorkTags>
    <spawnCategories>
      <li>SkavenSeer</li>
    </spawnCategories>
  </AlienRace.BackstoryDef>
  
  

  <!--===================== clan =====================-->

  <AlienRace.BackstoryDef>
    <defName>ClanratBornClan</defName>
    <title>clanrat</title>
    <titleShort>clanrat</titleShort>
    <baseDescription>[PAWN_nameDef] was born in a clan.</baseDescription>
    <bodyTypeMale>Male</bodyTypeMale>
    <bodyTypeFemale>Thin</bodyTypeFemale>
    <slot>Childhood</slot>
    <skillGains>
      <li>
        <defName>Melee</defName>
        <amount>2</amount>
      </li>
      <li>
        <defName>Shooting</defName>
        <amount>2</amount>
      </li>
    </skillGains>
    <requiredWorkTags>
      <li>Violent</li>
    </requiredWorkTags>
    <spawnCategories>
      <li>SkavenClanrat</li>
      <li>SkavenTrader</li>
      <li>SkavenHireling</li>
    </spawnCategories>
  </AlienRace.BackstoryDef>

  <AlienRace.BackstoryDef>
    <defName>SlaveratBornSlave</defName>
    <title>born in slavery</title>
    <titleShort>slave</titleShort>
    <baseDescription>[PAWN_nameDef] was born as a slave.</baseDescription>
    <bodyTypeMale>Thin</bodyTypeMale>
    <bodyTypeFemale>Thin</bodyTypeFemale>
    <slot>Childhood</slot>
    <skillGains>
      <li>
        <defName>Mining</defName>
        <amount>2</amount>
      </li>
      <li>
        <defName>Shooting</defName>
        <amount>2</amount>
      </li>
    </skillGains>
    <requiredWorkTags>
      <li>Mining</li>
    </requiredWorkTags>
    <spawnCategories>
      <li>SkavenClanrat</li>
      <li>SkavenTrader</li>
      <li>SkavenHireling</li>
    </spawnCategories>
  </AlienRace.BackstoryDef>
  

  <!--===================== slave =====================-->

  <AlienRace.BackstoryDef>
		<defName>SlaveratBornSlave</defName>
		<title>born in slavery</title>
		<titleShort>slave</titleShort>
		<baseDescription>[PAWN_nameDef] was born as a slave.</baseDescription>
		<bodyTypeMale>Thin</bodyTypeMale>
		<bodyTypeFemale>Thin</bodyTypeFemale>
		<slot>Childhood</slot>
    <skillGains>
      <li>
        <defName>Mining</defName>
        <amount>2</amount>
      </li>
      <li>
        <defName>Shooting</defName>
        <amount>2</amount>
      </li>
    </skillGains>
    <requiredWorkTags>
      <li>Mining</li>
    </requiredWorkTags>
		<spawnCategories>
			<li>SkavenSlave</li>
      <li>SkavenTrader</li>
      <li>SkavenHireling</li>
		</spawnCategories>
	</AlienRace.BackstoryDef>

  <AlienRace.BackstoryDef>
    <defName>SlaveratBornClan</defName>
    <title>clanrat</title>
    <titleShort>ex-clan</titleShort>
    <baseDescription>[PAWN_nameDef] was born in a clan.</baseDescription>
    <bodyTypeMale>Male</bodyTypeMale>
    <bodyTypeFemale>Thin</bodyTypeFemale>
    <slot>Childhood</slot>
    <skillGains>
      <li>
        <defName>Melee</defName>
        <amount>2</amount>
      </li>
      <li>
        <defName>Shooting</defName>
        <amount>2</amount>
      </li>
    </skillGains>
    <requiredWorkTags>
      <li>Violent</li>
    </requiredWorkTags>
    <spawnCategories>
      <li>SkavenSlave</li>
      <li>SkavenTrader</li>
      <li>SkavenHireling</li>
    </spawnCategories>
  </AlienRace.BackstoryDef>

</Defs>