<?xml version="1.0" encoding="utf-8" ?>
<Defs>

  <FactionDef>
    <defName>SkavenPlayerFaction</defName>
    <label>skaven colony</label>
    <description>A skaven coloni.</description>
    <pawnSingular>Skaven</pawnSingular>
    <pawnsPlural>Skaven</pawnsPlural>
    <isPlayer>true</isPlayer>
    <backstoryFilters>
      <li>
        <categories>
          <li>SkavenClanrat</li>
          <li>SkavenSlave</li>
          <li>SkavenSeer</li>
          <li>SkavenStormvermin</li>
        </categories>
      </li>
    </backstoryFilters>
    <factionIconPath>Things/World/SkavenIconPlayer</factionIconPath>
    <settlementTexturePath>World/WorldObjects/DefaultSettlement</settlementTexturePath>
    <playerInitialSettlementNameMaker>NamerInitialSettlementColony</playerInitialSettlementNameMaker>
    <techLevel>Medieval</techLevel>
    <factionNameMaker>NamerUnderEmpire</factionNameMaker>
    <settlementNameMaker>NamerUnderEmpire</settlementNameMaker>
    <basicMemberKind>PlayerSkavenSlave</basicMemberKind>
    <startingResearchTags>
      <li>SkavenStartingResearch</li>
    </startingResearchTags>
    <hairTags>
      <li>Punk</li>
      <li>Tribal</li>
      <li>Rural</li>
    </hairTags>
    <apparelStuffFilter>
      <thingDefs>
        <li>Cloth</li>
        <li>Steel</li>
      </thingDefs>
    </apparelStuffFilter>
    <recipePrerequisiteTags>
      <li>Tribal</li>
    </recipePrerequisiteTags>
  </FactionDef>

</Defs>