﻿<?xml version="1.0" encoding="utf-8" ?>
<Defs>

  <!-- Research Tabs -->

  <ResearchProjectDef Name="SkavenKnowledgeResearch" Abstract="True">
    <requiredResearchBuilding>SkavenResearchBench</requiredResearchBuilding>
    <techLevel>Medieval</techLevel>
    <tab>SkavenReTab</tab>
  </ResearchProjectDef>

  <ResearchTabDef>
    <defName>SkavenReTab</defName>
    <label>Skaven</label>
  </ResearchTabDef>

    <ResearchProjectDef>
    <defName>SkavenStart</defName>
    <label>skaven research bench</label>
    <description>Start the journey into skaven tech.</description>
    <baseCost>50</baseCost>
      <techLevel>Medieval</techLevel>
      <tags>
      <li>SkavenStartingResearch</li>
    </tags>
      <tab>SkavenReTab</tab>
    <researchViewX>0</researchViewX>
    <researchViewY>1</researchViewY>
      <prerequisites>
        <li>Smithing</li>
        <li>ComplexClothing</li>
      </prerequisites>
  </ResearchProjectDef>

  <ResearchProjectDef ParentName="SkavenKnowledgeResearch">
    <defName>SkavenWeaponsOne</defName>
    <label>crossbows</label>
    <description>Unlocks crossbows.</description>
    <baseCost>400</baseCost>
    <techLevel>Medieval</techLevel>
    <prerequisites>
      <li>SkavenStart</li>
    </prerequisites>
    <tags>
      <li>SkavenStartingResearch</li>
    </tags>
    <tab>SkavenReTab</tab>
    <researchViewX>1</researchViewX>
    <researchViewY>0</researchViewY>
  </ResearchProjectDef>

  <ResearchProjectDef ParentName="SkavenKnowledgeResearch">
    <defName>SkavenWeaponsTwo</defName>
    <label>heavy melee weapons</label>
    <description>Unlocks flail and bardiche.</description>
    <baseCost>1200</baseCost>
    <techLevel>Medieval</techLevel>
    <prerequisites>
      <li>SkavenWeaponsOne</li>
      <li>LongBlades</li>
    </prerequisites>
    <tab>SkavenReTab</tab>
    <researchViewX>2</researchViewX>
    <researchViewY>0</researchViewY>
  </ResearchProjectDef>

  <ResearchProjectDef ParentName="SkavenKnowledgeResearch">
    <defName>SkavenCloth</defName>
    <label>cloth gear</label>
    <description>Low tier skaven gear. Hood, tunic and cloth.</description>
    <baseCost>600</baseCost>
    <techLevel>Medieval</techLevel>
    <tags>
      <li>SkavenStartingResearch</li>
    </tags>
    <tab>SkavenReTab</tab>
    <prerequisites>
      <li>SkavenStart</li>
    </prerequisites>
    <researchViewX>1</researchViewX>
    <researchViewY>1</researchViewY>
  </ResearchProjectDef>

  <ResearchProjectDef ParentName="SkavenKnowledgeResearch">
    <defName>SkavenArmour</defName>
    <label>armour gear</label>
    <description>Mid tier skaven gear. Padded armour, helmet and robe.</description>
    <baseCost>800</baseCost>
    <techLevel>Medieval</techLevel>
    <tab>SkavenReTab</tab>
    <prerequisites>
      <li>SkavenCloth</li>
    </prerequisites>
    <researchViewX>2</researchViewX>
    <researchViewY>1</researchViewY>
  </ResearchProjectDef>

  <ResearchProjectDef ParentName="SkavenKnowledgeResearch">
    <defName>SkavenHeavyArmour</defName>
    <label>heavy armour gear</label>
    <description>Unlocks Stormvermin armour.</description>
    <baseCost>1000</baseCost>
    <techLevel>Medieval</techLevel>
    <tab>SkavenReTab</tab>
    <prerequisites>
      <li>SkavenArmour</li>
      <li>PlateArmor</li>
    </prerequisites>
    <researchViewX>3</researchViewX>
    <researchViewY>1</researchViewY>
  </ResearchProjectDef>

    <ResearchProjectDef ParentName="SkavenKnowledgeResearch">
      <defName>SkavenHeavyWeapon</defName>
      <label>experimental weaponry</label>
      <description>Unlocks the ratling gun, posion hose, poison bottle, chemical mortar and the poison mine.</description>
      <baseCost>2000</baseCost>
      <techLevel>Medieval</techLevel>
      <tab>SkavenReTab</tab>
      <prerequisites>
        <li>SkavenStart</li>
      </prerequisites>
      <researchViewX>1</researchViewX>
      <researchViewY>2</researchViewY>
    </ResearchProjectDef>

    <ResearchProjectDef ParentName="SkavenKnowledgeResearch">
      <defName>SkavenWarpLightning</defName>
      <label>warp-lightning</label>
      <description>Unlocks manable warp-lightning turrets and warpstone battery.</description>
      <baseCost>2000</baseCost>
      <techLevel>Medieval</techLevel>
      <tab>SkavenReTab</tab>
      <prerequisites>
        <li>SkavenHeavyWeapon</li>
      </prerequisites>
      <researchViewX>2</researchViewX>
      <researchViewY>2</researchViewY>
    </ResearchProjectDef>

  <ResearchProjectDef ParentName="SkavenKnowledgeResearch">
    <defName>SkavenMountedGuns</defName>
    <label>warplock weaponry</label>
    <description>Unlocks manable Warplock Jezzail and Warplock pistol.</description>
    <baseCost>2000</baseCost>
    <techLevel>Medieval</techLevel>
    <tab>SkavenReTab</tab>
    <prerequisites>
      <li>SkavenHeavyWeapon</li>
    </prerequisites>
    <researchViewX>2</researchViewX>
    <researchViewY>3</researchViewY>
  </ResearchProjectDef>

  <ResearchProjectDef ParentName="SkavenKnowledgeResearch">
    <defName>SkavenMoulderBase</defName>
    <label>Moulder tech</label>
    <description>Unlocks the Moulder work bench. Allows one to start extracting skaven blood for further bio-engineering</description>
    <baseCost>2000</baseCost>
    <techLevel>Medieval</techLevel>
    <tab>SkavenReTab</tab>
    <prerequisites>
      <li>SkavenHeavyWeapon</li>
    </prerequisites>
    <researchViewX>0</researchViewX>
    <researchViewY>3</researchViewY>
  </ResearchProjectDef>

  <ResearchProjectDef ParentName="SkavenKnowledgeResearch">
    <defName>SkavenMoulderGear</defName>
    <label>Moulder gear</label>
    <description>Unlocks clan Moulder gear. This gear will allow for easier handling of beasts. Pack armour, cage mask and shock-prod.</description>
    <baseCost>1500</baseCost>
    <techLevel>Medieval</techLevel>
    <tab>SkavenReTab</tab>
    <prerequisites>
      <li>SkavenMoulderBase</li>
      <li>SkavenHeavyArmour</li>
    </prerequisites>
    <researchViewX>1</researchViewX>
    <researchViewY>3</researchViewY>
  </ResearchProjectDef>

  <ResearchProjectDef ParentName="SkavenKnowledgeResearch">
    <defName>SkavenMoulderBio</defName>
    <label>Moulder bio-engineering</label>
    <description>Unlocks the basic Moulder bio-engineering recipes. Allows for crafting of warp-infused blood and creating wolf rats from various canines.</description>
    <baseCost>2000</baseCost>
    <techLevel>Medieval</techLevel>
    <tab>SkavenReTab</tab>
    <prerequisites>
      <li>SkavenMoulderBase</li>
    </prerequisites>
    <researchViewX>0</researchViewX>
    <researchViewY>4</researchViewY>
  </ResearchProjectDef>

  <ResearchProjectDef ParentName="SkavenKnowledgeResearch">
    <defName>SkavenMoulderBioAdvanced</defName>
    <label>Advanced bio-engineering</label>
    <description>Unlocks the advanced Moulder bio-engineering recipes. Allows for crafting of mixed blood and ogre operations.</description>
    <baseCost>3000</baseCost>
    <techLevel>Medieval</techLevel>
    <tab>SkavenReTab</tab>
    <prerequisites>
      <li>SkavenMoulderBio</li>
    </prerequisites>
    <researchViewX>1</researchViewX>
    <researchViewY>4</researchViewY>
  </ResearchProjectDef>

  <ResearchProjectDef ParentName="SkavenKnowledgeResearch">
    <defName>SkavenMoulderProsthetic</defName>
    <label>Moulder prosthetic</label>
    <description>Unlocks Warp-implants.</description>
    <baseCost>2000</baseCost>
    <techLevel>Medieval</techLevel>
    <tab>SkavenReTab</tab>
    <prerequisites>
      <li>SkavenMoulderBioAdvanced</li>
    </prerequisites>
    <researchViewX>3</researchViewX>
    <researchViewY>3</researchViewY>
  </ResearchProjectDef>

</Defs>