<?xml version="1.0" encoding="utf-8" ?>

<Defs>

  <ThingDef ParentName="BasePawn" Name="AnimalThingBaseSkavenOgre" Abstract="True">
    <statBases>
      <Flammability>1.0</Flammability>
      <LeatherAmount>30</LeatherAmount>
    </statBases>
    <race>
      <thinkTreeMain>Animal</thinkTreeMain>
      <thinkTreeConstant>AnimalConstant</thinkTreeConstant>
      <hasGenders>false</hasGenders>
      <nameGenerator>NamerAnimalGenericMale</nameGenerator>
      <nameGeneratorFemale>NamerAnimalGenericFemale</nameGeneratorFemale>
      <manhunterOnDamageChance>1</manhunterOnDamageChance>
      <manhunterOnTameFailChance>0.013</manhunterOnTameFailChance>
      <trainability>Advanced</trainability>
      <hediffGiverSets>
        <li>OrganicStandard</li>
      </hediffGiverSets>
    </race>
    <recipes>
      <li>ExciseCarcinoma</li>
      <li>AdministerMechSerumHealer</li>
      <li>RemoveBodyPart</li>
      <li>Euthanize</li>
      <li>Anesthetize</li>
    </recipes>
  </ThingDef>
  
</Defs>