﻿<?xml version="1.0" encoding="utf-8" ?>
<Defs>
  
  <ThingDef ParentName="FurnitureBase">
    <defName>SkavenWarpBrazier</defName>
    <label>warp brazier</label>
    <description>The stone in the center emits a bright green light.</description>
    <category>Building</category>
    <graphicData>
      <texPath>Things/Building/Furniture/SkavenWarpBrazier</texPath>
      <graphicClass>Graphic_Single</graphicClass>
      <shaderType>CutoutComplex</shaderType>
      <drawRotated>false</drawRotated>
      <damageData>
        <rect>(0.35,0.35,0.3,0.3)</rect>
      </damageData>
      <drawSize>(1.7)</drawSize>
    </graphicData>
    <uiIconPath>Things/Building/Furniture/SkavenWarpBrazier</uiIconPath>
    <uiIconScale>0.9</uiIconScale>
    <rotatable>false</rotatable>
    <altitudeLayer>Building</altitudeLayer>
    <passability>PassThroughOnly</passability>
    <pathCost>15</pathCost>
    <tickerType>Normal</tickerType>
    <drawerType>RealtimeOnly</drawerType>
    <fillPercent>0.15</fillPercent>
    <statBases>
      <MarketValue>100</MarketValue>
      <MaxHitPoints>120</MaxHitPoints>
      <WorkToBuild>1500</WorkToBuild>
      <Flammability>0</Flammability>
      <Beauty>10</Beauty>
      <Mass>14</Mass>
    </statBases>
    <selectable>true</selectable>
    <costList>
      <Jade>25</Jade>
      <Steel>30</Steel>
    </costList>
    <soundImpactDefault>BulletImpact_Ground</soundImpactDefault>
    <leaveResourcesWhenKilled>true</leaveResourcesWhenKilled>
    <resourcesFractionWhenDeconstructed>6</resourcesFractionWhenDeconstructed>
    <drawPlaceWorkersWhileSelected>true</drawPlaceWorkersWhileSelected>
    <comps>
      <li Class="CompProperties_Glower">
        <glowRadius>14</glowRadius>
        <glowColor>(78, 226, 229, 0)</glowColor>
        <!-- <glowColor>(113,141,117,0)</glowColor> -->
      </li>
      <li Class="CompProperties_MeditationFocus">
        <statDef>MeditationFocusStrength</statDef>
        <focusTypes>
          <li>Flame</li>
        </focusTypes>
        <offsets>
          <li Class="FocusStrengthOffset_Lit">
            <offset>0.15</offset>
          </li>
          <li Class="FocusStrengthOffset_BuildingDefsLit">
            <defs>
              <li>Campfire</li>
              <li>TorchLamp</li>
              <li MayRequire="Ludeon.RimWorld.Royalty">Brazier</li>
              <li MayRequire="Ludeon.RimWorld.Ideology">Darktorch</li>
              <li MayRequire="Ludeon.RimWorld.Ideology">DarktorchFungus</li>
            </defs>
            <offsetPerBuilding>0.01</offsetPerBuilding>
            <radius>9.9</radius>
            <maxBuildings>8</maxBuildings>
            <explanationKey>MeditationFocusPerFlame</explanationKey>
            <explanationKeyAbstract>MeditationFocusPerFlameAbstract</explanationKeyAbstract>
          </li>
        </offsets>
        </li>
    </comps>
    <designationCategory>Furniture</designationCategory>
    <designationHotKey>Misc10</designationHotKey>
    <researchPrerequisites>
      <li>SkavenHeavyWeapon</li>
    </researchPrerequisites>
  </ThingDef>
  
</Defs>
