﻿<?xml version="1.0" encoding="utf-8" ?>
<Defs>

  <RecipeDef Abstract="True" Name="SurgeryFleshSkavenOgre">
    <effectWorking>Surgery</effectWorking>
    <soundWorking>Recipe_Surgery</soundWorking>
    <workSpeedStat>MedicalOperationSpeed</workSpeedStat>
    <workSkill>Medicine</workSkill>
    <workSkillLearnFactor>16</workSkillLearnFactor>
    <dontShowIfAnyIngredientMissing>true</dontShowIfAnyIngredientMissing>
  </RecipeDef>

  <!--======================= Install natural parts =========================-->

  <RecipeDef ParentName="SurgeryFleshSkavenOgre">
    <defName>InstallSkavenOgreBlade</defName>
    <label>install blade</label>
    <description>Install a blade.</description>
    <workerClass>Recipe_InstallArtificialBodyPart</workerClass>
    <jobString>Installing blade.</jobString>
    <workAmount>1700</workAmount>
    <surgerySuccessChanceFactor>2</surgerySuccessChanceFactor>
    <skillRequirements>
      <Medicine>1</Medicine>
    </skillRequirements>
    <ingredients>
      <li>
        <filter>
          <categories>
            <li>Medicine</li>
          </categories>
        </filter>
        <count>1</count>
      </li>
      <li>
        <filter>
          <thingDefs>
            <li>SkavenOgreBlade</li>
          </thingDefs>
        </filter>
        <count>1</count>
      </li>
    </ingredients>
    <fixedIngredientFilter>
      <categories>
        <li>Medicine</li>
      </categories>
      <thingDefs>
        <li>SkavenOgreBlade</li>
      </thingDefs>
    </fixedIngredientFilter>
    <appliedOnFixedBodyParts>
      <li>Shoulder</li>
    </appliedOnFixedBodyParts>
    <addsHediff>SkavenOgreBlade</addsHediff>
  </RecipeDef>

  <RecipeDef ParentName="SurgeryFleshSkavenOgre">
    <defName>InstallSkavenOgreLeg</defName>
    <label>install steel leg</label>
    <description>Install a steel leg.</description>
    <workerClass>Recipe_InstallArtificialBodyPart</workerClass>
    <jobString>Installing leg.</jobString>
    <workAmount>1700</workAmount>
    <surgerySuccessChanceFactor>2</surgerySuccessChanceFactor>
    <skillRequirements>
      <Medicine>1</Medicine>
    </skillRequirements>
    <ingredients>
      <li>
        <filter>
          <categories>
            <li>Medicine</li>
          </categories>
        </filter>
        <count>1</count>
      </li>
      <li>
        <filter>
          <thingDefs>
            <li>SkavenOgreLeg</li>
          </thingDefs>
        </filter>
        <count>1</count>
      </li>
    </ingredients>
    <fixedIngredientFilter>
      <categories>
        <li>Medicine</li>
      </categories>
      <thingDefs>
        <li>SkavenOgreLeg</li>
      </thingDefs>
    </fixedIngredientFilter>
    <appliedOnFixedBodyParts>
      <li>Leg</li>
    </appliedOnFixedBodyParts>
    <addsHediff>SkavenOgreSteelLeg</addsHediff>
  </RecipeDef>

  <RecipeDef ParentName="SurgeryFleshSkavenOgre">
    <defName>InstallSkavenOgrePlate</defName>
    <label>install steel plate</label>
    <description>Install a plate.</description>
    <workerClass>Recipe_InstallArtificialBodyPart</workerClass>
    <jobString>Installing plate.</jobString>
    <workAmount>1000</workAmount>
    <surgerySuccessChanceFactor>2</surgerySuccessChanceFactor>
    <skillRequirements>
      <Medicine>4</Medicine>
    </skillRequirements>
    <ingredients>
      <li>
        <filter>
          <categories>
            <li>Medicine</li>
          </categories>
        </filter>
        <count>1</count>
      </li>
      <li>
        <filter>
          <thingDefs>
            <li>Steel</li>
          </thingDefs>
        </filter>
        <count>20</count>
      </li>
    </ingredients>
    <fixedIngredientFilter>
      <categories>
        <li>Medicine</li>
      </categories>
      <thingDefs>
        <li>Steel</li>
      </thingDefs>
    </fixedIngredientFilter>
    <appliedOnFixedBodyParts>
      <li>Eye</li>
      <li>Nose</li>
      <li>Ear</li>
    </appliedOnFixedBodyParts>
    <addsHediff>SkavenOgrePlate</addsHediff>
  </RecipeDef>

  <RecipeDef ParentName="SurgeryFleshSkavenOgre">
    <defName>InstallSkavenOgreDenture</defName>
    <label>install steel denture</label>
    <description>Install a denture.</description>
    <workerClass>Recipe_InstallArtificialBodyPart</workerClass>
    <jobString>Installing denture.</jobString>
    <workAmount>1000</workAmount>
    <surgerySuccessChanceFactor>2</surgerySuccessChanceFactor>
    <skillRequirements>
      <Medicine>4</Medicine>
    </skillRequirements>
    <ingredients>
      <li>
        <filter>
          <categories>
            <li>Medicine</li>
          </categories>
        </filter>
        <count>1</count>
      </li>
      <li>
        <filter>
          <thingDefs>
            <li>Steel</li>
          </thingDefs>
        </filter>
        <count>20</count>
      </li>
    </ingredients>
    <fixedIngredientFilter>
      <categories>
        <li>Medicine</li>
      </categories>
      <thingDefs>
        <li>Steel</li>
      </thingDefs>
    </fixedIngredientFilter>
    <appliedOnFixedBodyParts>
      <li>Jaw</li>
    </appliedOnFixedBodyParts>
    <addsHediff>SkaveOgreDenture</addsHediff>
  </RecipeDef>


</Defs>