<?xml version="1.0" encoding="UTF-8"?>
<Defs>

  <ThingDef ParentName="BaseGunWithQuality">
    <defName>Gun_CracklingDoom</defName>
    <label>scroll of Crackling Doom</label>
    <description>A scroll that cast arcs of green energy.</description>
    <graphicData>
      <texPath>Things/Item/Weapon/SkavenScroll/CracklingDoom</texPath>
      <graphicClass>Graphic_Single</graphicClass>
    </graphicData>
    <soundInteract>Interact_ChargeLance</soundInteract>
    <destroyOnDrop>true</destroyOnDrop>
    <tradeability>None</tradeability>
    <statBases>
      <MarketValue>500</MarketValue>
      <AccuracyTouch>0.25</AccuracyTouch>
      <AccuracyShort>0.6</AccuracyShort>
      <AccuracyMedium>0.70</AccuracyMedium>
      <AccuracyLong>0.75</AccuracyLong>
      <RangedWeapon_Cooldown>7</RangedWeapon_Cooldown>
      <Mass>1</Mass>
    </statBases>
    <weaponTags>
      <li>SkavenScroll</li>
    </weaponTags>
    <verbs>
      <li>
        <verbClass>Verb_Shoot</verbClass>
        <hasStandardCommand>true</hasStandardCommand>
        <defaultProjectile>Bullet_Crackling</defaultProjectile>
        <warmupTime>3</warmupTime>
        <minRange>3</minRange>
        <range>42</range>
        <burstShotCount>1</burstShotCount>
        <muzzleFlashScale>1</muzzleFlashScale>
        <forcedMissRadius>0.5</forcedMissRadius>
      </li>
    </verbs>
  </ThingDef>

  <ThingDef ParentName="BaseBullet">
    <defName>Bullet_Crackling</defName>
    <label>crackling doom</label>
    <graphicData>
      <texPath>Things/Projectile/WarpCannonBullet</texPath>
      <graphicClass>Graphic_Single</graphicClass>
      <shaderType>TransparentPostLight</shaderType>
      <drawSize>(1, 5)</drawSize>
    </graphicData>
    <thingClass>Projectile_Explosive</thingClass>
    <projectile>
      <damageDef>Flame</damageDef>
      <explosionRadius>1</explosionRadius>
      <damageAmountBase>25</damageAmountBase>
      <speed>200</speed>
    </projectile>
  </ThingDef>
  
</Defs>