﻿<?xml version="1.0" encoding="utf-8" ?>
<Defs>

  <ThingDef ParentName="MakeableDrugPillBase">
    <defName>SkavenAgePowder</defName>
    <label>warp powder-mix</label>
    <description>A powder-mix that induce a mutation that stimulates ageing. The powder induce a coma for half a day and keeps the user in a painful daze for the other half. The rapid mutation can leave lasting effect on organs and bodyparts. Do not administer if unwell, may cause death under circumstances</description>
    <graphicData>
      <texPath>Things/Item/Blood/SkavenPowder/SkavenAgePowder</texPath>
      <graphicClass>Graphic_Single</graphicClass>
    </graphicData>
    <rotatable>false</rotatable>
    <tradeability>Sellable</tradeability>
    <statBases>
      <Mass>0.01</Mass>
      <WorkToMake>1000</WorkToMake>
      <MarketValue>50</MarketValue>
    </statBases>
    <techLevel>Medieval</techLevel>
    <ingestible>
      <drugCategory>Medical</drugCategory>
      <outcomeDoers>
        <li Class="IngestionOutcomeDoer_GiveHediff">
          <hediffDef>SkavenWarpAge</hediffDef>
          <severity>1.00</severity>
        </li>
      </outcomeDoers>
    </ingestible>
    <recipeMaker>
      <researchPrerequisite>SkavenMoulderBase</researchPrerequisite>
      <recipeUsers>
        <li>SkavenMoulderBench</li>
      </recipeUsers>
    </recipeMaker>
    <costList>
      <PsychoidLeaves>25</PsychoidLeaves>
      <Jade>5</Jade>
    </costList>
    <comps>
      <li Class="CompProperties_Drug">
        <listOrder>150</listOrder>
        <overdoseSeverityOffset>0.18~0.35</overdoseSeverityOffset>
        <largeOverdoseChance>0.015</largeOverdoseChance>
      </li>
    </comps>
  </ThingDef>
  
  <HediffDef>
    <defName>SkavenWarpAge</defName>
    <label>warp ageing</label>
	  <description>Recovering from sudden intake of warpstone. Rapid mutation stimulating ageing, can leave lasting effect the body.</description>
    <hediffClass>HediffWithComps</hediffClass>
    <defaultLabelColor>(0.6, 0.6, 1.0)</defaultLabelColor>
    <scenarioCanAdd>false</scenarioCanAdd>
    <maxSeverity>1.0</maxSeverity>
		<comps>
			<li Class="HediffCompProperties_SeverityPerDay">
			<severityPerDay>-1.</severityPerDay>
			</li>
			<li Class="Skaven.HediffCompProperties_Ageing">
				<timetoage>1</timetoage>
			</li>
		</comps>
    <stages>
      <li>
        <label>initial</label>
        <becomeVisible>false</becomeVisible>
      </li>
      <li>
        <label>low</label>
        <minSeverity>0.01</minSeverity>
        <vomitMtbDays>1</vomitMtbDays>
        <painOffset>0.25</painOffset>
        <capMods>
          <li>
            <capacity>Consciousness</capacity>
            <offset>-0.25</offset>
          </li>
        </capMods>
        <hediffGivers>
          <li Class="HediffGiver_Random">
            <hediff>SkavenWarpMutated</hediff>
            <mtbDays>1.</mtbDays>
            <canAffectAnyLivePart>true</canAffectAnyLivePart>
          </li>
          <li Class="HediffGiver_Random">
            <hediff>SkavenWarpMutatedSpasm</hediff>
            <mtbDays>2.</mtbDays>
            <canAffectAnyLivePart>true</canAffectAnyLivePart>
          </li>
          <li Class="HediffGiver_Random">
            <hediff>SkavenWarpMutatedArmour</hediff>
            <mtbDays>2.</mtbDays>
            <canAffectAnyLivePart>true</canAffectAnyLivePart>
          </li>
          <li Class="HediffGiver_Random">
            <hediff>HeartAttack</hediff>
            <mtbDays>39</mtbDays>
            <canAffectAnyLivePart>true</canAffectAnyLivePart>
          </li>
        </hediffGivers>
      </li>
      <li>
        <label>extreme</label>
        <minSeverity>0.50</minSeverity>
        <vomitMtbDays>0.5</vomitMtbDays>
        <capMods>
          <li>
            <capacity>Consciousness</capacity>
            <offset>-0.75</offset>
          </li>
        </capMods>
      </li>
    </stages>
  </HediffDef>

  <HediffDef>
    <defName>SkavenWarpMutated</defName>
    <label>warp mutated</label>
    <description>Warp mutated body part.</description>
    <defaultLabelColor>(0.6, 0.6, 1.0)</defaultLabelColor>
    <hediffClass>HediffWithComps</hediffClass>
    <tendable>false</tendable>
    <stages>
      <li>
        <partEfficiencyOffset>0.05</partEfficiencyOffset>
      </li>
    </stages>
  </HediffDef>

  <HediffDef>
    <defName>SkavenWarpMutatedSpasm</defName>
    <label>warp mutated: spasm</label>
    <description>Warp mutated body part. This body part suffers from recurring spasm, it works rather well but the constant motion burn calories.</description>
    <defaultLabelColor>(0.6, 0.6, 1.0)</defaultLabelColor>
    <hediffClass>HediffWithComps</hediffClass>
    <tendable>false</tendable>
    <stages>
      <li>
        <partEfficiencyOffset>0.1</partEfficiencyOffset>
        <hungerRateFactor>1.02</hungerRateFactor>
      </li>
    </stages>
  </HediffDef>

  <HediffDef>
    <defName>SkavenWarpMutatedArmour</defName>
    <label>warp mutated: growth</label>
    <description>Warp mutated body part. Hard growth poking out, ugly to look at and gets in the way.</description>
    <defaultLabelColor>(0.6, 0.6, 1.0)</defaultLabelColor>
    <hediffClass>HediffWithComps</hediffClass>
    <tendable>false</tendable>
    <stages>
      <li>
        <partEfficiencyOffset>-0.05</partEfficiencyOffset>
        <statOffsets>
          <ArmorRating_Sharp>0.05</ArmorRating_Sharp>
          <ArmorRating_Blunt>0.05</ArmorRating_Blunt>
          <ArmorRating_Heat>0.02</ArmorRating_Heat>
          <SocialImpact>-0.05</SocialImpact>
        </statOffsets>
      </li>
    </stages>
  </HediffDef>

</Defs>