﻿<?xml version="1.0" encoding="utf-8" ?>

<Defs>
  
    <RecipeDef Name="SurgeryFleshSkavenOgre" ParentName="SurgeryFlesh" Abstract="True">
    <effectWorking>Surgery</effectWorking>
    <soundWorking>Recipe_Surgery</soundWorking>
    <workSpeedStat>MedicalOperationSpeed</workSpeedStat>
    <workSkill>Medicine</workSkill>
      <workAmount>1500</workAmount>
    <workSkillLearnFactor>16</workSkillLearnFactor>
      <surgerySuccessChanceFactor>2</surgerySuccessChanceFactor>
    <dontShowIfAnyIngredientMissing>true</dontShowIfAnyIngredientMissing>
      <skillRequirements>
        <Medicine>4</Medicine>
      </skillRequirements>
      <ingredients>
        <li>
          <filter>
            <categories>
              <li>Medicine</li>
            </categories>
          </filter>
          <count>1</count>
        </li>
      </ingredients>
      <fixedIngredientFilter>
        <categories>
          <li>Medicine</li>
        </categories>
      </fixedIngredientFilter>
    </RecipeDef>

  <!-- Moulder-->
  
  <HediffDef Name="ImplantHediffBaseMoulder" Abstract="True">
    <hediffClass>Hediff_Implant</hediffClass>
    <defaultLabelColor>(0.6, 0.6, 1.0)</defaultLabelColor>
    <isBad>false</isBad>
  </HediffDef>

  <RecipeDef Name="SurgeryFleshSkavenMoulder" ParentName="SurgeryFlesh" Abstract="True">
    <effectWorking>Surgery</effectWorking>
    <soundWorking>Recipe_Surgery</soundWorking>
    <workSpeedStat>MedicalOperationSpeed</workSpeedStat>
    <workSkill>Medicine</workSkill>
    <workAmount>5000</workAmount>
    <workSkillLearnFactor>16</workSkillLearnFactor>
    <surgerySuccessChanceFactor>1.5</surgerySuccessChanceFactor>
    <dontShowIfAnyIngredientMissing>true</dontShowIfAnyIngredientMissing>
    <skillRequirements>
      <Medicine>5</Medicine>
    </skillRequirements>
    <ingredients>
      <li>
        <filter>
          <categories>
            <li>Medicine</li>
          </categories>
        </filter>
        <count>2</count>
      </li>
    </ingredients>
    <fixedIngredientFilter>
      <categories>
        <li>Medicine</li>
      </categories>
    </fixedIngredientFilter>
  </RecipeDef>

</Defs>
