<?xml version="1.0" encoding="utf-8" ?>
<Defs>

  <ThingDef Name="ApparelMakeableBaseSkaven" ParentName="ApparelBase" Abstract="True">
    <recipeMaker>
      <workSpeedStat>GeneralLaborSpeed</workSpeedStat>
      <workSkill>Crafting</workSkill>
      <effectWorking>Tailor</effectWorking>
      <soundWorking>Recipe_Tailor</soundWorking>
      <recipeUsers>
        <li>ElectricTailoringBench</li>
        <li>HandTailoringBench</li>
        <li>CraftingSpot</li>
      </recipeUsers>
      <unfinishedThingDef>UnfinishedApparel</unfinishedThingDef>
      <defaultIngredientFilter>
        <categories>
          <li>Root</li>
        </categories>
        <disallowedThingDefs>
          <li>Gold</li>
          <li>Silver</li>
          <li>Plasteel</li>
          <li>Jade</li>
          <li>Uranium</li>
        </disallowedThingDefs>
      </defaultIngredientFilter>
    </recipeMaker>
  </ThingDef>

  <ThingDef Name="ArmorSmithableBaseSkaven" ParentName="ApparelBase" Abstract="True">
    <recipeMaker>
      <workSpeedStat>GeneralLaborSpeed</workSpeedStat>
      <workSkill>Crafting</workSkill>
      <effectWorking>Smith</effectWorking>
      <soundWorking>Recipe_Smith</soundWorking>
      <recipeUsers>
        <li>ElectricSmithy</li>
        <li>FueledSmithy</li>
      </recipeUsers>
      <defaultIngredientFilter>
        <categories>
          <li>Root</li>
        </categories>
        <disallowedThingDefs>
          <li>Gold</li>
          <li>Silver</li>
          <li>Plasteel</li>
          <li>Jade</li>
          <li>Uranium</li>
        </disallowedThingDefs>
      </defaultIngredientFilter>
    </recipeMaker>
  </ThingDef>


  <ThingDef ParentName="ApparelMakeableBaseSkaven">
    <defName>Apparel_SkavenCloth</defName>
    <label>rag cloth</label>
    <description>A simple cloth often worn by scavens to show that they are clansrat.</description>
    <graphicData>
      <texPath>Things/Item/Apparel/SkavenCloth/RagCloth</texPath>
      <graphicClass>Graphic_Single</graphicClass>
    </graphicData>
    <costStuffCount>30</costStuffCount>
    <stuffCategories>
      <li>Fabric</li>
      <li>Leathery</li>
    </stuffCategories>
    <thingCategories>
      <li>Apparel</li>
    </thingCategories>
    <statBases>
      <MaxHitPoints>100</MaxHitPoints>
      <WorkToMake>800</WorkToMake>
      <Mass>0.2</Mass>
      <StuffEffectMultiplierArmor>0.2</StuffEffectMultiplierArmor>
      <StuffEffectMultiplierInsulation_Cold>0.2</StuffEffectMultiplierInsulation_Cold>
      <StuffEffectMultiplierInsulation_Heat>0.4</StuffEffectMultiplierInsulation_Heat>
      <EquipDelay>1.5</EquipDelay>
    </statBases>
    <apparel>
    <countsAsClothingForNudity>true</countsAsClothingForNudity>
      <bodyPartGroups>
        <li>Torso</li>
        <li>Shoulders</li>
        <li>Neck</li>
      </bodyPartGroups>
      <wornGraphicPath>Things/Item/Apparel/SkavenCloth/RagCloth</wornGraphicPath>
      <layers>
        <li>Shell</li>
      </layers>
      <tags>
        <li>SkavenClan</li>
        <li>SkavenPack</li>
      </tags>
      <defaultOutfitTags>
        <li>Skaven</li>
      </defaultOutfitTags>
    </apparel>
    <recipeMaker>
        <researchPrerequisite>SkavenCloth</researchPrerequisite>
    </recipeMaker>
  </ThingDef>

  <ThingDef ParentName="ApparelMakeableBaseSkaven">
    <defName>Apparel_SkavenClothHood</defName>
    <label>cloth hood</label>
    <description>A simple cloth hood made to fit a skaven.</description>
    <graphicData>
      <texPath>Things/Item/Apparel/SkavenClothHood/ClothHood</texPath>
      <graphicClass>Graphic_Single</graphicClass>
    </graphicData>
    <costStuffCount>30</costStuffCount>
    <thingCategories>
      <li>Headgear</li>
    </thingCategories>
    <stuffCategories>
      <li>Fabric</li>
      <li>Leathery</li>
    </stuffCategories>
    <statBases>
      <MaxHitPoints>100</MaxHitPoints>
      <WorkToMake>800</WorkToMake>
      <Mass>0.1</Mass>
      <StuffEffectMultiplierArmor>0.2</StuffEffectMultiplierArmor>
      <StuffEffectMultiplierInsulation_Cold>0.25</StuffEffectMultiplierInsulation_Cold>
      <StuffEffectMultiplierInsulation_Heat>0.4</StuffEffectMultiplierInsulation_Heat>
      <EquipDelay>1</EquipDelay>
    </statBases>
    <apparel>
    <countsAsClothingForNudity>false</countsAsClothingForNudity>
      <bodyPartGroups>
        <li>FullHead</li>
      </bodyPartGroups>
      <wornGraphicPath>Things/Item/Apparel/SkavenClothHood/ClothHood</wornGraphicPath>
      <layers>
        <li>Overhead</li>
      </layers>
      <tags>
        <li>SkavenClanLow</li>
        <li>SkavenSeer</li>
        <li>SkavenMoulder</li>
      </tags>
      <defaultOutfitTags>
        <li>SkavenClan</li>
      </defaultOutfitTags>
    </apparel>
    <recipeMaker>
        <researchPrerequisite>SkavenCloth</researchPrerequisite>
    </recipeMaker>
  </ThingDef>

  <ThingDef ParentName="ApparelMakeableBaseSkaven">
    <defName>Apparel_SkavenTunic</defName>
    <label>rag tunic</label>
    <description>A simple ragged tunic.</description>
    <graphicData>
      <texPath>Things/Item/Apparel/SkavenTunic/RatTunic</texPath>
      <graphicClass>Graphic_Single</graphicClass>
    </graphicData>
    <costStuffCount>40</costStuffCount>
    <stuffCategories>
      <li>Fabric</li>
      <li>Leathery</li>
    </stuffCategories>
    <thingCategories>
      <li>Apparel</li>
    </thingCategories>
    <statBases>
      <MaxHitPoints>75</MaxHitPoints>
      <WorkToMake>1000</WorkToMake>
      <Mass>0.2</Mass>
      <StuffEffectMultiplierArmor>0.2</StuffEffectMultiplierArmor>
      <StuffEffectMultiplierInsulation_Cold>0.2</StuffEffectMultiplierInsulation_Cold>
      <StuffEffectMultiplierInsulation_Heat>0.17</StuffEffectMultiplierInsulation_Heat>
      <EquipDelay>1.5</EquipDelay>
    </statBases>
    <apparel>
      <bodyPartGroups>
        <li>Torso</li>
        <li>Shoulders</li>
      </bodyPartGroups>
      <wornGraphicPath>Things/Item/Apparel/SkavenTunic/RatTunic</wornGraphicPath>
      <layers>
        <li>OnSkin</li>
      </layers>
      <tags>
        <li>SkavenClan</li>
        <li>SkavenSlave</li>
        <li>SkavenSeer</li>
        <li>SkavenPack</li>
        <li>SkavenMoulder</li>
      </tags>
      <defaultOutfitTags>
        <li>Skaven</li>
      </defaultOutfitTags>
    </apparel>
    <recipeMaker>
        <researchPrerequisite>SkavenCloth</researchPrerequisite>
    </recipeMaker>
  </ThingDef>

  <ThingDef ParentName="ArmorHelmetMakeableBase">
    <defName>Apparel_SkavenHelmet</defName>
    <label>skaven helmet</label>
    <description>A simple helmet made to fit a skaven.</description>
    <graphicData>
      <texPath>Things/Item/Apparel/SkavenHelmet/SkavenHelmet</texPath>
      <graphicClass>Graphic_Single</graphicClass>
    </graphicData>
    <costStuffCount>30</costStuffCount>
    <stuffCategories>
      <li>Metallic</li>
    </stuffCategories>
    <statBases>
      <WorkToMake>3200</WorkToMake>
      <MaxHitPoints>140</MaxHitPoints>
      <Mass>1.2</Mass>
      <StuffEffectMultiplierArmor>0.5</StuffEffectMultiplierArmor>
      <StuffEffectMultiplierInsulation_Cold>0.10</StuffEffectMultiplierInsulation_Cold>
      <StuffEffectMultiplierInsulation_Heat>0</StuffEffectMultiplierInsulation_Heat>
      <EquipDelay>2</EquipDelay>
    </statBases>
    <apparel>
    <countsAsClothingForNudity>false</countsAsClothingForNudity>
      <bodyPartGroups>
        <li>UpperHead</li>
      </bodyPartGroups>
      <wornGraphicPath>Things/Item/Apparel/SkavenHelmet/SkavenHelmet</wornGraphicPath>
      <layers>
        <li>Overhead</li>
      </layers>
      <tags>
        <li>SkavenClanHigh</li>
        <li>SkavenStormvermin</li>
      </tags>
      <defaultOutfitTags>
        <li>Skaven</li>
      </defaultOutfitTags>
    </apparel>
    <recipeMaker>
        <researchPrerequisite>SkavenArmour</researchPrerequisite>
      <recipeUsers>
        <li>ElectricSmithy</li>
        <li>FueledSmithy</li>
      </recipeUsers>
    </recipeMaker>
  </ThingDef>

  <ThingDef ParentName="ArmorSmithableBaseSkaven">
    <defName>Apparel_SkavenPadded</defName>
    <label>padded armour</label>
    <description>Simple padding to be worn as armour. Simple yet so effective.</description>
    <graphicData>
      <texPath>Things/Item/Apparel/SkavenPadded/RatPadded</texPath>
      <graphicClass>Graphic_Single</graphicClass>
    </graphicData>   
    <costStuffCount>30</costStuffCount>
    <stuffCategories>
      <li>Fabric</li>
      <li>Leathery</li>
    </stuffCategories>
    <costList>
      <Steel>30</Steel>
    </costList>
    <thingCategories>
      <li>ApparelArmor</li>
    </thingCategories>
    <statBases>
      <MaxHitPoints>150</MaxHitPoints>
      <WorkToMake>10000</WorkToMake>
      <Mass>3</Mass>
      <StuffEffectMultiplierArmor>0.6</StuffEffectMultiplierArmor>
      <StuffEffectMultiplierInsulation_Cold>0.3</StuffEffectMultiplierInsulation_Cold>
      <StuffEffectMultiplierInsulation_Heat>0.05</StuffEffectMultiplierInsulation_Heat>
      <EquipDelay>4</EquipDelay>
    </statBases>
    <apparel>
      <bodyPartGroups>
        <li>Torso</li>
        <li>Neck</li>
        <li>Shoulders</li>
        <li>Feet</li>
        <li>Hands</li>
      </bodyPartGroups>
      <wornGraphicPath>Things/Item/Apparel/SkavenPadded/RatPadded</wornGraphicPath>
      <layers>
        <li>Middle</li>
      </layers>
      <tags>
        <li>SkavenClan</li>
        <li>SkavenSeer</li>
      </tags>
      <defaultOutfitTags>
        <li>Skaven</li>
      </defaultOutfitTags>
    </apparel>
    <recipeMaker>
      <unfinishedThingDef>UnfinishedMetallicTechArmor</unfinishedThingDef>
        <researchPrerequisite>SkavenArmour</researchPrerequisite>
    </recipeMaker>
  </ThingDef>

  <ThingDef ParentName="ApparelMakeableBaseSkaven">
    <defName>Apparel_SkavenRobe</defName>
    <label>skaven robe</label>
    <description>A robe worn by skavens.</description>
    <graphicData>
      <texPath>Things/Item/Apparel/SkavenRobe/SkavenRobe</texPath>
      <graphicClass>Graphic_Single</graphicClass>
    </graphicData>
    <costStuffCount>75</costStuffCount>
    <stuffCategories>
      <li>Fabric</li>
      <li>Leathery</li>
    </stuffCategories>
    <thingCategories>
      <li>Apparel</li>
    </thingCategories>
    <statBases>
      <MaxHitPoints>150</MaxHitPoints>
      <WorkToMake>2000</WorkToMake>
      <Mass>2</Mass>
      <StuffEffectMultiplierArmor>0.5</StuffEffectMultiplierArmor>
      <StuffEffectMultiplierInsulation_Cold>0.65</StuffEffectMultiplierInsulation_Cold>
      <StuffEffectMultiplierInsulation_Heat>0.8</StuffEffectMultiplierInsulation_Heat>
      <EquipDelay>3</EquipDelay>
    </statBases>
    <apparel>
      <bodyPartGroups>
        <li>Torso</li>
        <li>Shoulders</li>
        <li>Legs</li>
        <li>Neck</li>
      </bodyPartGroups>
      <wornGraphicPath>Things/Item/Apparel/SkavenRobe/SkavenRobe</wornGraphicPath>
      <layers>
        <li>Shell</li>
      </layers>
      <tags>
        <li>SkavenSeer</li>
        <li>SkavenMoulder</li>
      </tags>
      <defaultOutfitTags>
        <li>Skaven</li>
      </defaultOutfitTags>
    </apparel>
    <recipeMaker>
        <researchPrerequisite>SkavenArmour</researchPrerequisite>
    </recipeMaker>
  </ThingDef>

  <ThingDef ParentName="ArmorHelmetMakeableBase">
    <defName>Apparel_SkavenGasMask</defName>
    <label>skaven gas-mask</label>
    <description>A sturdy gasmask fit for a ratman. It's offer good protection against poison and damage.</description>
    <graphicData>
      <texPath>Things/Item/Apparel/SkavenPlagueMask/GasMask</texPath>
      <graphicClass>Graphic_Single</graphicClass>
    </graphicData>
    <costStuffCount>60</costStuffCount>
    <stuffCategories>
      <li>Fabric</li>
      <li>Leathery</li>
    </stuffCategories>
    <costList>
      <Steel>30</Steel>
      <PsychoidLeaves>20</PsychoidLeaves>
    </costList>
    <statBases>
      <WorkToMake>8000</WorkToMake>
      <MaxHitPoints>250</MaxHitPoints>
      <Mass>1.5</Mass>
      <StuffEffectMultiplierArmor>0.5</StuffEffectMultiplierArmor>
      <StuffEffectMultiplierInsulation_Cold>0.25</StuffEffectMultiplierInsulation_Cold>
      <StuffEffectMultiplierInsulation_Heat>0.15</StuffEffectMultiplierInsulation_Heat>
      <EquipDelay>4</EquipDelay>
    </statBases>
    <equippedStatOffsets>
      <ToxicSensitivity>-0.75</ToxicSensitivity>
    </equippedStatOffsets>
    <apparel>
    <countsAsClothingForNudity>false</countsAsClothingForNudity>
      <bodyPartGroups>
        <li>FullHead</li>
      </bodyPartGroups>
      <wornGraphicPath>Things/Item/Apparel/SkavenPlagueMask/GasMask</wornGraphicPath>
      <layers>
        <li>Overhead</li>
      </layers>
      <tags>
        <li>SkavenSeer</li>
      </tags>
      <defaultOutfitTags>
        <li>Skaven</li>
      </defaultOutfitTags>
    </apparel>
    <recipeMaker>
      <researchPrerequisite>SkavenArmour</researchPrerequisite>
      <recipeUsers>
        <li>ElectricSmithy</li>
        <li>FueledSmithy</li>
      </recipeUsers>
    </recipeMaker>
  </ThingDef>

  <ThingDef ParentName="ArmorSmithableBaseSkaven">
    <defName>Apparel_SkavenStormPlate</defName>
    <label>Stormvermin plate</label>
    <description>Plate armour with chainmail covering the weakspots, worn by the fearsome stormvermins of the skavens. The outer shell is adorned with cloth to show the clan.</description>
    <recipeMaker>
      <unfinishedThingDef>UnfinishedMetallicTechArmor</unfinishedThingDef>
      <researchPrerequisite>SkavenHeavyArmour</researchPrerequisite>
      <skillRequirements>
        <Crafting>8</Crafting>
      </skillRequirements>
    </recipeMaker>
    <graphicData>
      <texPath>Things/Item/Apparel/SkavenStormvermin/StormverminPlate</texPath>
      <graphicClass>Graphic_Single</graphicClass>
    </graphicData>
    <stuffCategories>
      <li>Metallic</li>
    </stuffCategories>
    <costStuffCount>150</costStuffCount>
    <costList>
      <Cloth>30</Cloth>
    </costList>
    <statBases>
      <WorkToMake>40000</WorkToMake>
      <MaxHitPoints>320</MaxHitPoints>
      <Mass>15</Mass>
      <StuffEffectMultiplierArmor>0.98</StuffEffectMultiplierArmor>
      <Insulation_Cold>8</Insulation_Cold>
      <Insulation_Heat>4</Insulation_Heat>
      <EquipDelay>15</EquipDelay>
    </statBases>
    <equippedStatOffsets>
      <MoveSpeed>-0.7</MoveSpeed>
    </equippedStatOffsets>
    <thingCategories>
      <li>ApparelArmor</li>
    </thingCategories>
    <apparel>
      <bodyPartGroups>
        <li>Torso</li>
        <li>Neck</li>
        <li>Shoulders</li>
        <li>Arms</li>
        <li>Legs</li>
        <li>Hands</li>
        <li>Feet</li>
      </bodyPartGroups>
      <wornGraphicPath>Things/Item/Apparel/SkavenStormvermin/StormverminPlate</wornGraphicPath>
      <layers>
        <li>Middle</li>
        <li>Shell</li>
      </layers>
      <tags>
        <li>SkavenStormvermin</li>
      </tags>
      <defaultOutfitTags>
        <li>Skaven</li>
      </defaultOutfitTags>
    </apparel>
    <colorGenerator Class="ColorGenerator_Options">
      <options>
        <li>
          <weight>10</weight>
          <only>(0.33,0.33,0.33)</only>
        </li>
        <li>
          <weight>10</weight>
          <only>(0.65,0.65,0.65)</only>
        </li>
        <li>
          <weight>6</weight>
          <min>(0.3,0.3,0.3)</min>
          <max>(0.5,0.5,0.5)</max>
        </li>
      </options>
    </colorGenerator>
  </ThingDef>

  <!-- Moulder-->

  <ThingDef ParentName="ArmorHelmetMakeableBase">
    <defName>Apparel_SkavenMoulderMask</defName>
    <label>Skaven cage mask</label>
    <description>A cage mask filled with herbs to protect the wearer against bio-chemical matter (skaven only).</description>
    <graphicData>
      <texPath>Things/Item/Apparel/MoulderMask/MoulderMask</texPath>
      <graphicClass>Graphic_Single</graphicClass>
    </graphicData>
    <costStuffCount>30</costStuffCount>
    <stuffCategories>
      <li>Metallic</li>
    </stuffCategories>
    <costList>
      <PsychoidLeaves>50</PsychoidLeaves>
    </costList>
    <statBases>
      <WorkToMake>4000</WorkToMake>
      <MaxHitPoints>100</MaxHitPoints>
      <Mass>1.5</Mass>
      <StuffEffectMultiplierArmor>0.4</StuffEffectMultiplierArmor>
      <EquipDelay>1</EquipDelay>
    </statBases>
    <equippedStatOffsets>
      <ToxicSensitivity>-0.5</ToxicSensitivity>
      <ImmunityGainSpeed>0.2</ImmunityGainSpeed>
      <MedicalSurgerySuccessChance>0.1</MedicalSurgerySuccessChance>
  </equippedStatOffsets>
    <apparel>
    <countsAsClothingForNudity>false</countsAsClothingForNudity>
      <bodyPartGroups>
        <li>FullHead</li>
      </bodyPartGroups>
      <wornGraphicPath>Things/Item/Apparel/MoulderMask/MoulderMask</wornGraphicPath>
      <layers>
        <li>Overhead</li>
      </layers>
      <tags>
        <li>SkavenMoulder</li>
        <li>SkavenPack</li>
      </tags>
      <defaultOutfitTags>
        <li>Skaven</li>
      </defaultOutfitTags>
    </apparel>
    <recipeMaker>
      <researchPrerequisite>SkavenMoulderGear</researchPrerequisite>
      <recipeUsers>
        <li>ElectricSmithy</li>
        <li>FueledSmithy</li>
      </recipeUsers>
      <skillRequirements>
        <Crafting>4</Crafting>
      </skillRequirements>
    </recipeMaker>
  </ThingDef>

  <ThingDef ParentName="ArmorSmithableBase">
    <defName>Apparel_MoulderPadded</defName>
    <label>pack armour</label>
    <description>Amour worn by the Packmasters of clan Moulder. Steel lined chestplate with cloth padding to protect against the various creations of the clan.</description>
    <recipeMaker>
      <unfinishedThingDef>UnfinishedMetallicTechArmor</unfinishedThingDef>
      <researchPrerequisite>SkavenMoulderGear</researchPrerequisite>
      <skillRequirements>
        <Crafting>7</Crafting>
      </skillRequirements>
    </recipeMaker>
    <graphicData>
      <texPath>Things/Item/Apparel/MoulderPackGear/MoulderPackGear</texPath>
      <graphicClass>Graphic_Single</graphicClass>
    </graphicData>
    <stuffCategories>
      <li>Metallic</li>
    </stuffCategories>
    <costStuffCount>100</costStuffCount>
    <costList>
      <Cloth>75</Cloth>
    </costList>
    <statBases>
      <WorkToMake>38000</WorkToMake>
      <MaxHitPoints>250</MaxHitPoints>
      <Mass>10</Mass>
      <StuffEffectMultiplierArmor>0.85</StuffEffectMultiplierArmor>
      <StuffEffectMultiplierInsulation_Cold>1.0</StuffEffectMultiplierInsulation_Cold>
      <StuffEffectMultiplierInsulation_Heat>0</StuffEffectMultiplierInsulation_Heat>
      <EquipDelay>15</EquipDelay>
    </statBases>
    <thingSetMakerTags>
      <li>RewardStandardLowFreq</li>
      <li>RewardStandardQualitySuper</li>
    </thingSetMakerTags>
    <equippedStatOffsets>
      <TameAnimalChance>0.05</TameAnimalChance>
      <TrainAnimalChance>0.05</TrainAnimalChance>
    </equippedStatOffsets>
    <thingCategories>
      <li>ApparelArmor</li>
    </thingCategories>
    <apparel>
      <bodyPartGroups>
        <li>Torso</li>
        <li>Neck</li>
        <li>Shoulders</li>
        <li>Arms</li>
        <li>Legs</li>
        <li>Hands</li>
        <li>Feet</li>
      </bodyPartGroups>
      <wornGraphicPath>Things/Item/Apparel/MoulderPackGear/MoulderPackGear</wornGraphicPath>
      <layers>
        <li>Middle</li>
        <li>Shell</li>
      </layers>
      <tags>
        <li>SkavenPack</li>
        <li>SkavenMoulder</li>
      </tags>
      <defaultOutfitTags>
        <li>Skaven</li>
      </defaultOutfitTags>
    </apparel>
    <colorGenerator Class="ColorGenerator_Options">
      <options>
        <li>
          <weight>10</weight>
          <only>(0.33,0.33,0.33)</only>
        </li>
        <li>
          <weight>10</weight>
          <only>(0.65,0.65,0.65)</only>
        </li>
        <li>
          <weight>6</weight>
          <min>(0.3,0.3,0.3)</min>
          <max>(0.5,0.5,0.5)</max>
        </li>
      </options>
    </colorGenerator>
  </ThingDef>

  <!-- 

  <ThingDef ParentName="ArmorSmithableBaseSkaven">
    <defName>Apparel_SkavenMoulderRobe</defName>
    <label>Moulder robe</label>
    <description>A thick leather robe with steel lining and herbs sewn into it. Worn by skaven from clan Moulder to protect against the various bio-matter and monstrous creations.</description>
    <recipeMaker>
      <unfinishedThingDef>UnfinishedMetallicTechArmor</unfinishedThingDef>
      <researchPrerequisite>SkavenHeavyArmour</researchPrerequisite>
      <skillRequirements>
        <Crafting>8</Crafting>
      </skillRequirements>
    </recipeMaker>
    <graphicData>
      <texPath>Things/Item/Apparel/MoulderApron/MoulderApron</texPath>
      <graphicClass>Graphic_Single</graphicClass>
    </graphicData>
    <stuffCategories>
      <li>Fabric</li>
      <li>Leathery</li>
    </stuffCategories>
    <costStuffCount>100</costStuffCount>
    <costList>
      <Steel>75</Steel>
      <PsychoidLeaves>75</PsychoidLeaves>
    </costList>
    <statBases>
      <WorkToMake>40000</WorkToMake>
      <MaxHitPoints>300</MaxHitPoints>
      <Mass>5</Mass>
      <StuffEffectMultiplierArmor>0.85</StuffEffectMultiplierArmor>
      <StuffEffectMultiplierInsulation_Cold>0.65</StuffEffectMultiplierInsulation_Cold>
      <StuffEffectMultiplierInsulation_Heat>0.8</StuffEffectMultiplierInsulation_Heat>
      <EquipDelay>10</EquipDelay>
    </statBases>
    <equippedStatOffsets>
      <MoveSpeed>-0.1</MoveSpeed>
      <ToxicSensitivity>-0.75</ToxicSensitivity>
      <ImmunityGainSpeed>0.25</ImmunityGainSpeed>
      <MedicalSurgerySuccessChance>0.25</MedicalSurgerySuccessChance>
    </equippedStatOffsets>
    <thingCategories>
      <li>ApparelArmor</li>
    </thingCategories>
    <apparel>
      <bodyPartGroups>
        <li>Torso</li>
        <li>Neck</li>
        <li>Shoulders</li>
        <li>Arms</li>
        <li>Legs</li>
        <li>Hands</li>
        <li>Feet</li>
      </bodyPartGroups>
      <wornGraphicPath>Things/Item/Apparel/MoulderApron/MoulderApron</wornGraphicPath>
      <layers>
        <li>Middle</li>
        <li>Shell</li>
      </layers>
      <tags>
        <li>SkavenMoulder</li>
      </tags>
      <defaultOutfitTags>
        <li>Skaven</li>
      </defaultOutfitTags>
    </apparel>
  </ThingDef>
  
  Moulder-->

</Defs>