﻿<?xml version="1.0" encoding="utf-8" ?>
<Defs>

  <RecipeDef Name="SurgeryFleshSkavenMoulderCut" ParentName="SurgeryFlesh" Abstract="True">
    <effectWorking>Surgery</effectWorking>
    <soundWorking>Recipe_Surgery</soundWorking>
    <workSpeedStat>MedicalOperationSpeed</workSpeedStat>
    <workSkill>Medicine</workSkill>
    <workAmount>5000</workAmount>
    <workSkillLearnFactor>16</workSkillLearnFactor>
    <surgerySuccessChanceFactor>0.75</surgerySuccessChanceFactor>
    <dontShowIfAnyIngredientMissing>true</dontShowIfAnyIngredientMissing>
    <ingredients>
      <li>
        <filter>
          <categories>
            <li>Medicine</li>
          </categories>
        </filter>
        <count>1</count>
      </li>
    </ingredients>
    <fixedIngredientFilter>
      <categories>
        <li>Medicine</li>
      </categories>
    </fixedIngredientFilter>
  </RecipeDef>

  <RecipeDef ParentName="SurgeryFleshSkavenMoulderCut">
    <defName>SkavenBloodExtract</defName>
    <label>extract blood</label>
    <description>Extract blood for further bio-engineering.</description>
    <jobString>Extracting blood.</jobString>
    <workerClass>Recipe_InstallImplant</workerClass>
    <workAmount>1000</workAmount>
    <workSpeedStat>GeneralLaborSpeed</workSpeedStat>
    <effectWorking>ButcherFlesh</effectWorking>
    <soundWorking>Recipe_ButcherCorpseFlesh</soundWorking>
    <researchPrerequisite>SkavenMoulderBase</researchPrerequisite>
    <ingredients>
      <li>
        <filter>
          <thingDefs>
            <li>Steel</li>
          </thingDefs>
        </filter>
        <count>5</count>
      </li>
    </ingredients>
    <fixedIngredientFilter>
      <thingDefs>
        <li>Steel</li>
      </thingDefs>
    </fixedIngredientFilter>
    <products>
      <SkavenBloodSample>1</SkavenBloodSample>
    </products>
    <appliedOnFixedBodyParts>
      <li>Arm</li>
    </appliedOnFixedBodyParts>
    <addsHediff>SkavenMoulderCut</addsHediff>
  </RecipeDef>

  <HediffDef ParentName="InjuryBase">
    <defName>SkavenMoulderCut</defName>
    <label>surgical cut</label>
    <labelNoun>a surgical cut</labelNoun>
    <description>A cut made during surgery.</description>
    <comps>
      <li Class="HediffCompProperties_TendDuration">
        <labelTendedWell>bandaged</labelTendedWell>
        <labelTendedWellInner>sutured</labelTendedWellInner>
        <labelSolidTendedWell>set</labelSolidTendedWell>
      </li>
      <li Class="HediffCompProperties_GetsPermanent">
        <permanentLabel>surgical scar</permanentLabel>
      </li>
    </comps>
    <injuryProps>
      <painPerSeverity>0.25</painPerSeverity>
      <averagePainPerSeverityPermanent>0.00625</averagePainPerSeverityPermanent>
      <bleedRate>0.25</bleedRate>
      <canMerge>true</canMerge>
      <useRemovedLabel>true</useRemovedLabel>
    </injuryProps>
  </HediffDef>
  
  <RecipeDef>
    <defName>SkavenMixBlood</defName>
    <label>mix blood</label>
    <description>Mix infused skaven blood with animal matter.</description>
    <jobString>Mixing.</jobString>
    <workAmount>5000</workAmount>
    <workSpeedStat>GeneralLaborSpeed</workSpeedStat>
    <effectWorking>ButcherFlesh</effectWorking>
    <soundWorking>Recipe_Brewing</soundWorking>
    <skillRequirements>
      <Crafting>6</Crafting>
    </skillRequirements>
    <researchPrerequisite>SkavenMoulderBioAdvanced</researchPrerequisite>
    <ingredients>
      <li>
        <filter>
          <categories>
            <li>Corpses</li>
          </categories>
        </filter>
        <count>2</count>
      </li>
      <li>
        <filter>
          <thingDefs>
            <li>SkavenSerumSample</li>
          </thingDefs>
        </filter>
        <count>1</count>
      </li>
    </ingredients>
    <fixedIngredientFilter>
      <categories>
        <li>Corpses</li>
      </categories>
      <thingDefs>
        <li>SkavenSerumSample</li>
      </thingDefs>
      <disallowedCategories>
        <li>CorpsesMechanoid</li>
        <li>CorpsesHumanlike</li>
      </disallowedCategories>
    </fixedIngredientFilter>
    <defaultIngredientFilter>
      <categories>
        <li>CorpsesAnimal</li>
      </categories>
    </defaultIngredientFilter>
    <products>
      <SkavenLargeSerumSample>1</SkavenLargeSerumSample>
    </products>
    <recipeUsers>
      <li>SkavenMoulderBench</li>
    </recipeUsers>
  </RecipeDef>
  
</Defs>