﻿<?xml version="1.0" encoding="utf-8" ?>
<Defs>

  <ThingDef ParentName="BuildingBase" Name="WarpGunTurret">
    <defName>Turret_WarpCannonSmall</defName>
    <label>warp-lightning cannon</label>
    <description>A small version of a warp-lightning cannon. It generates an amazing amount of energy that concentrates into a single blast of pure warp-lightning.</description>
    <thingClass>Building_TurretGun</thingClass>
    <graphicData>
      <texPath>Things/Building/Security/TurretMini_Base</texPath>
      <graphicClass>Graphic_Single</graphicClass>
      <drawSize>(2,2)</drawSize>
      <damageData>
        <rect>(0.2,0.2,0.6,0.6)</rect>
      </damageData>
    </graphicData>
    <minifiedDef>MinifiedThing</minifiedDef>
    <hasInteractionCell>True</hasInteractionCell>
    <interactionCellOffset>(0,0,-1)</interactionCellOffset>
    <uiIconPath>Things/Building/Security/SkavenWarpCannon/WarpCannonTip</uiIconPath>
    <altitudeLayer>Building</altitudeLayer>
    <stealable>false</stealable>
    <rotatable>true</rotatable>
    <size>(1,1)</size>
    <statBases>
      <MaxHitPoints>200</MaxHitPoints>
      <Flammability>0.8</Flammability>
      <WorkToBuild>15000</WorkToBuild>
      <Mass>32</Mass>
      <Beauty>-20</Beauty>
      <ShootingAccuracyTurret>0.98</ShootingAccuracyTurret>
    </statBases>
    <tickerType>Normal</tickerType>
    <comps>
      <li Class="CompProperties_Flickable"/>
      <li Class="CompProperties_Power">
        <compClass>CompPowerTrader</compClass>
        <basePowerConsumption>120</basePowerConsumption>
      </li>
      <li Class="CompProperties_Mannable">
        <manWorkType>Violent</manWorkType>
      </li>
      <li Class="CompProperties_Forbiddable"/>
    </comps>
    <passability>PassThroughOnly</passability>
    <pathCost>50</pathCost>
    <fillPercent>0.5</fillPercent>
    <thingCategories>
      <li>BuildingsSecurity</li>
    </thingCategories>
    <hasTooltip>true</hasTooltip>
    <costList>
      <Steel>170</Steel>
      <Gold>50</Gold>
      <Jade>50</Jade>
      <ComponentIndustrial>4</ComponentIndustrial>
    </costList>
    <terrainAffordanceNeeded>Light</terrainAffordanceNeeded>
    <designationCategory>Security</designationCategory>
    <specialDisplayRadius>54</specialDisplayRadius>
    <constructionSkillPrerequisite>6</constructionSkillPrerequisite>
    <building>
      <turretGunDef>Gun_WarpCannonTurret</turretGunDef>
      <turretBurstWarmupTime>3.0</turretBurstWarmupTime>
			<turretBurstCooldownTime>4</turretBurstCooldownTime>
      <turretTopGraphicPath>Things/Building/Security/SkavenWarpCannon/WarpCannonTip</turretTopGraphicPath>
      <turretTopDrawSize>1.5</turretTopDrawSize>
      <turretTopOffset>(0, 0)</turretTopOffset>
			<buildingTags>
				<li>Artillery</li>
			</buildingTags>
		</building>
    <placeWorkers>
      <li>PlaceWorker_TurretTop</li>
    </placeWorkers>
    <designationHotKey>Misc3</designationHotKey>
    <uiIconScale>0.95</uiIconScale>
    <researchPrerequisites>
      <li>SkavenWarpLightning</li>
    </researchPrerequisites>
  </ThingDef>

  <ThingDef ParentName="BaseBullet">
    <defName>Bullet_WarpCannon</defName>
    <label>warp-lightning</label>
    <graphicData>
      <texPath>Things/Projectile/WarpCannonBullet</texPath>
      <graphicClass>Graphic_Single</graphicClass>
      <shaderType>TransparentPostLight</shaderType>
      <drawSize>(1, 5)</drawSize>
    </graphicData>
    <thingClass>Projectile_Explosive</thingClass>
    <projectile>
      <damageDef>Flame</damageDef>
      <explosionRadius>0.7</explosionRadius>
      <damageAmountBase>40</damageAmountBase>
      <speed>200</speed>
    </projectile>
  </ThingDef>

  <ThingDef ParentName="BaseHumanGun">
    <defName>Gun_WarpCannonTurret</defName>
    <label>warp-lightning turret</label>
    <description>A large-bore cannon designed to attach to a warp cannon.</description>
    <graphicData>
      <texPath>Things/Building/Security/SkavenWarpCannon/WarpCannonTip</texPath>
      <graphicClass>Graphic_Single</graphicClass>
      <drawSize>(2,2)</drawSize>
    </graphicData>
      <soundInteract>Interact_ChargeLance</soundInteract>
    <menuHidden>true</menuHidden>
    <destroyOnDrop>true</destroyOnDrop>
    <tradeability>None</tradeability>
    <useHitPoints>false</useHitPoints>
    <statBases>
      <AccuracyTouch>0.25</AccuracyTouch>
      <AccuracyShort>0.6</AccuracyShort>
      <AccuracyMedium>0.70</AccuracyMedium>
      <AccuracyLong>0.9</AccuracyLong>
      <RangedWeapon_Cooldown>7</RangedWeapon_Cooldown>
      <DeteriorationRate>0</DeteriorationRate>
      <Mass>40</Mass>
      <Flammability>0</Flammability>
    </statBases>
    <weaponTags Inherit="false">
      <li>TurretGun</li>
    </weaponTags>
    <verbs>
      <li>
        <verbClass>Verb_Shoot</verbClass>
        <hasStandardCommand>true</hasStandardCommand>
        <defaultProjectile>Bullet_WarpCannon</defaultProjectile>
        <warmupTime>0</warmupTime>
        <minRange>8.9</minRange>
        <range>54</range>
        <burstShotCount>1</burstShotCount>
        <soundCast>ChargeLance_Fire</soundCast>
        <soundCastTail>GunTail_Heavy</soundCastTail>
        <muzzleFlashScale>40</muzzleFlashScale>
        <forcedMissRadius>0.2</forcedMissRadius>
      </li>
    </verbs>
  </ThingDef>

  <ThingDef Name="TrapSkavenBase" ParentName="BuildingBase" Abstract="True">
    <thingClass>Building_TrapExplosive</thingClass>
    <graphicData>
      <graphicClass>Graphic_Single</graphicClass>
      <damageData>
        <rect>(0.1,0,0.8,0.3)</rect>
      </damageData>
    </graphicData>
    <uiIconOffset>(0,-0.14)</uiIconOffset>
    <altitudeLayer>Building</altitudeLayer>
    <drawerType>RealtimeOnly</drawerType>
    <rotatable>false</rotatable>
    <tickerType>Normal</tickerType>
    <stealable>false</stealable>
    <minifiedDef>MinifiedThing</minifiedDef>
    <thingCategories>
      <li>BuildingsSecurity</li>
    </thingCategories>
    <statBases>
      <Mass>2</Mass>
      <MaxHitPoints>40</MaxHitPoints>
      <WorkToBuild>1400</WorkToBuild>
      <Flammability>1</Flammability>
      <Beauty>-4</Beauty>
      <TrapSpringChance>1.0</TrapSpringChance>
    </statBases>
    <designationCategory>Security</designationCategory>
    <building>
      <isTrap>true</isTrap>
      <trapPeacefulWildAnimalsSpringChanceFactor>0.25</trapPeacefulWildAnimalsSpringChanceFactor>
      <expandHomeArea>false</expandHomeArea>
      <ai_chillDestination>false</ai_chillDestination>
    </building>
    <constructionSkillPrerequisite>3</constructionSkillPrerequisite>
    <placeWorkers>
      <li>PlaceWorker_NeverAdjacentTrap</li>
    </placeWorkers>
    <researchPrerequisites>
      <li>SkavenHeavyWeapon</li>
    </researchPrerequisites>
  </ThingDef>

  <ThingDef ParentName="TrapSkavenBase">
    <defName>Trap_SkavenPoisonMine</defName>
    <label>chemical mine</label>
    <description>A simple contraption that will trigger a chemical bottle to explode.</description>
    <graphicData>
      <texPath>Things/Building/Security/SkavenPlagueBomb/PlagueBomb</texPath>
    </graphicData>
    <costList>
      <PsychoidLeaves>20</PsychoidLeaves>
      <Chemfuel>25</Chemfuel>
      <Steel>10</Steel>
    </costList>
    <designationHotKey>Misc7</designationHotKey>
    <comps>
      <li Class="CompProperties_Explosive">
        <explosiveRadius>2.5</explosiveRadius>
        <explosiveDamageType>SkavenPoison</explosiveDamageType>
        <startWickHitPointsPercent>0.2</startWickHitPointsPercent>
        <wickTicks>
          <min>7</min>
          <max>15</max>
        </wickTicks>
      </li>
    </comps>
    <specialDisplayRadius>2.5</specialDisplayRadius>
  </ThingDef>

  <ThingDef ParentName="BuildingBase">
    <defName>SkavenBarricade</defName>
    <label>board barricade</label>
    <description>Wood fastended together with steel. A simple and yet effective barricade. Not as sturdy as sandbags but allows for high mobility in placement.</description>
    <thingClass>Building</thingClass>
    <category>Building</category>
    <graphicData>
      <texPath>Things/Building/Security/SkavenBarricade/SkavenBarricade</texPath>
      <graphicClass>Graphic_Single</graphicClass>
    </graphicData>
    <uiIconPath>Things/Building/Security/SkavenBarricade/SkavenBarricade</uiIconPath>
    <minifiedDef>MinifiedThing</minifiedDef>
    <thingCategories>
      <li>BuildingsSecurity</li>
    </thingCategories>
    <altitudeLayer>Building</altitudeLayer>
    <passability>PassThroughOnly</passability>
    <pathCost>120</pathCost>
    <castEdgeShadows>false</castEdgeShadows>
    <fillPercent>0.8</fillPercent>
    <canOverlapZones>false</canOverlapZones>
    <holdsRoof>false</holdsRoof>
    <blockLight>false</blockLight>
    <statBases>
      <MaxHitPoints>280</MaxHitPoints>
      <Beauty>-10</Beauty>
      <WorkToBuild>500</WorkToBuild>
      <Flammability>1</Flammability>
      <Mass>10</Mass>
    </statBases>
    <building>
      <ai_chillDestination>false</ai_chillDestination>
      <isInert>true</isInert>
    </building>
    <costList>
      <WoodLog>5</WoodLog>
      <Steel>3</Steel>
    </costList>
    <filthLeaving>SandbagRubble</filthLeaving>
    <rotatable>true</rotatable>
    <selectable>true</selectable>
    <neverMultiSelect>true</neverMultiSelect>
    <terrainAffordanceNeeded>Light</terrainAffordanceNeeded>
    <designationCategory>Security</designationCategory>
    <constructEffect>ConstructWood</constructEffect>
    <repairEffect>ConstructWood</repairEffect>
    <designationHotKey>Misc1</designationHotKey>
    <researchPrerequisites>
      <li>SkavenStart</li>
    </researchPrerequisites>
  </ThingDef>

  <ThingDef ParentName="BuildingBase">
    <defName>Turret_SkavenJezzail</defName>
    <thingClass>Building_TurretGun</thingClass>
    <label>Warplock Jezzail</label>
    <description>A long barrelled musket capable of hitting targets at a distance greater than conventional bows or blackpowder firearms. Once the rifle is fired, the weapon unleashes a single bullet made entirely of refined toxic warpstone at such velocity that it strikes with a force capable of penetrating through even the thickest of armours.</description>
    <uiIconPath>Things/Building/Security/SkavenJezzail/SkavenJezzail</uiIconPath>
    <uiIconScale>0.95</uiIconScale>
    <graphicData>
      <texPath>Things/Building/Security/TurretMini_Base</texPath>
      <graphicClass>Graphic_Single</graphicClass>
      <drawSize>(2,2)</drawSize>
      <damageData>
        <rect>(0.2,0.2,0.6,0.6)</rect>
      </damageData>
    </graphicData>
    <statBases>
      <MarketValue>350</MarketValue>
      <MaxHitPoints>120</MaxHitPoints>
      <Flammability>0.9</Flammability>
      <WorkToBuild>15000</WorkToBuild>
      <Mass>12</Mass>
      <Beauty>-20</Beauty>
      <ShootingAccuracyTurret>0.98</ShootingAccuracyTurret>
    </statBases>
    <costList>
      <Steel>150</Steel>
      <ComponentIndustrial>4</ComponentIndustrial>
    </costList>
    <comps Inherit="False">
      <li Class="CompProperties_Mannable">
        <manWorkType>Violent</manWorkType>
      </li>
      <li Class="CompProperties_Forbiddable"/>
      <li Class="CompProperties_Refuelable">
        <fuelLabel>Shots until rearm</fuelLabel>
        <fuelGizmoLabel>Ammo stack</fuelGizmoLabel>
        <fuelFilter>
          <thingDefs>
            <li>Jade</li>
          </thingDefs>
        </fuelFilter>
        <fuelCapacity>10</fuelCapacity>
        <initialFuelPercent>0</initialFuelPercent>
        <autoRefuelPercent>0</autoRefuelPercent>
        <showFuelGizmo>true</showFuelGizmo>
        <minimumFueledThreshold>1</minimumFueledThreshold>
        <fuelMultiplier>1</fuelMultiplier>
        <factorByDifficulty>true</factorByDifficulty>
        <consumeFuelOnlyWhenUsed>true</consumeFuelOnlyWhenUsed>
        <outOfFuelMessage>Cannot shoot: Needs ammo</outOfFuelMessage>
        <fuelIconPath>UI/Overlays/Barrel</fuelIconPath>
      </li>
    </comps>
    <tickerType>Normal</tickerType>
    <terrainAffordanceNeeded>Light</terrainAffordanceNeeded>
    <designationCategory>Security</designationCategory>
    <constructionSkillPrerequisite>6</constructionSkillPrerequisite>
    <altitudeLayer>Building</altitudeLayer>
    <stealable>false</stealable>
    <rotatable>true</rotatable>
    <size>(1,1)</size>
    <passability>PassThroughOnly</passability>
    <pathCost>50</pathCost>
    <fillPercent>0.4</fillPercent>
    <minifiedDef>MinifiedThing</minifiedDef>
    <thingCategories>
      <li>BuildingsSecurity</li>
    </thingCategories>
    <hasInteractionCell>True</hasInteractionCell>
    <interactionCellOffset>(0,0,-1)</interactionCellOffset>
    <building>
      <turretGunDef>Gun_WarplockJezzail</turretGunDef>
      <turretBurstWarmupTime>5.0</turretBurstWarmupTime>
      <turretBurstCooldownTime>4</turretBurstCooldownTime>
      <turretTopGraphicPath>Things/Building/Security/SkavenJezzail/SkavenJezzail</turretTopGraphicPath>
      <turretTopDrawSize>2.5</turretTopDrawSize>
      <turretTopOffset>(0, 0)</turretTopOffset>
      <buildingTags>
        <li>Artillery</li>
      </buildingTags>
    </building>
    <placeWorkers>
      <li>PlaceWorker_TurretTop</li>
    </placeWorkers>
    <researchPrerequisites>
      <li>SkavenMountedGuns</li>
    </researchPrerequisites>
  </ThingDef>

  <ThingDef ParentName="BaseBullet">
    <defName>Bullet_WarplockJezzail</defName>
    <label>jezzail bullet</label>
    <graphicData>
      <texPath>Things/Projectile/JezzailBullet</texPath>
      <graphicClass>Graphic_Single</graphicClass>
      <drawSize>1 , 5</drawSize>
      <shaderType>TransparentPostLight</shaderType>
    </graphicData>
    <projectile>
      <damageDef>SkavenBullet</damageDef>
      <damageAmountBase>40</damageAmountBase>
      <speed>280</speed>
      <armorPenetrationBase>1</armorPenetrationBase>
    </projectile>
  </ThingDef>

  <ThingDef ParentName="BaseHumanGun">
    <defName>Gun_WarplockJezzail</defName>
    <label>Warplock Jezzail</label>
    <description>A long barrelled musket.</description>
    <graphicData>
      <texPath>Things/Building/Security/SkavenJezzail/SkavenJezzail</texPath>
      <graphicClass>Graphic_Single</graphicClass>
      <drawSize>(2,2)</drawSize>
    </graphicData>
    <soundInteract>Interact_Rifle</soundInteract>
    <menuHidden>true</menuHidden>
    <tickerType>Never</tickerType>
    <techLevel>Medieval</techLevel>
    <destroyOnDrop>true</destroyOnDrop>
    <tradeability>None</tradeability>
    <useHitPoints>false</useHitPoints>
    <statBases>
      <AccuracyTouch>0.24</AccuracyTouch>
      <AccuracyShort>0.99</AccuracyShort>
      <AccuracyMedium>0.99</AccuracyMedium>
      <AccuracyLong>0.99</AccuracyLong>
      <RangedWeapon_Cooldown>4.0</RangedWeapon_Cooldown>
      <DeteriorationRate>0</DeteriorationRate>
      <Mass>10</Mass>
      <Flammability>0</Flammability>
    </statBases>
    <weaponTags>
      <li>SKavenTurretGun</li>
    </weaponTags>
    <verbs>
      <li>
        <verbClass>Verb_Shoot</verbClass>
        <hasStandardCommand>true</hasStandardCommand>
        <defaultProjectile>Bullet_WarplockJezzail</defaultProjectile>
        <warmupTime>5</warmupTime>
        <minRange>3.9</minRange>
        <range>500</range>
        <burstShotCount>1</burstShotCount>
        <soundCast>Shot_TurretSniper</soundCast>
        <soundCastTail>GunTail_Heavy</soundCastTail>
        <muzzleFlashScale>22</muzzleFlashScale>
        <consumeFuelPerShot>1</consumeFuelPerShot>
      </li>
    </verbs>
  </ThingDef>


</Defs>
