﻿<?xml version="1.0" encoding="utf-8" ?>
<Defs>

  <ThingDef ParentName="BuildingBase">
    <defName>SkavenWarpBattery</defName>
    <label>warpstone battery</label>
    <description>A small warpstone battery, constantly emitting a low power flow. The battery is highly volatile, so place carefully.</description>
    <graphicData>
      <texPath>Things/Building/Power/SkavenWarpBattery</texPath>
      <graphicClass>Graphic_Single</graphicClass>
      <drawSize>(1.4)</drawSize>
      <drawRotated>false</drawRotated>
      <damageData>
        <rect>(0.35,0.35,0.3,0.3)</rect>
      </damageData>
    </graphicData>
    <rotatable>false</rotatable>
    <altitudeLayer>Building</altitudeLayer>
    <uiIconScale>0.9</uiIconScale>
    <pathCost>50</pathCost>
    <fillPercent>0.4</fillPercent>
    <resourcesFractionWhenDeconstructed>6</resourcesFractionWhenDeconstructed>
    <leaveResourcesWhenKilled>true</leaveResourcesWhenKilled>
    <canOverlapZones>false</canOverlapZones>
    <blockWind>true</blockWind>
    <terrainAffordanceNeeded>Light</terrainAffordanceNeeded>
    <minifiedDef>MinifiedThing</minifiedDef>
    <thingCategories>
      <li>BuildingsPower</li>
    </thingCategories>
    <designationCategory>Power</designationCategory>
    <statBases>
      <MarketValue>200</MarketValue>
      <WorkToBuild>1500</WorkToBuild>
      <MaxHitPoints>120</MaxHitPoints>
      <Flammability>1</Flammability>
      <Mass>12</Mass>
      <Beauty>-5</Beauty>
    </statBases>
    <tickerType>Normal</tickerType>
    <size>(1, 1)</size>
    <costList>
      <Steel>50</Steel>
      <ComponentIndustrial>2</ComponentIndustrial>
      <Jade>30</Jade>
    </costList>
    <comps>
      <li Class="CompProperties_Explosive">
        <explosiveRadius>3.9</explosiveRadius>
        <explosiveDamageType>Bomb</explosiveDamageType>
        <chanceNeverExplodeFromDamage>0.9</chanceNeverExplodeFromDamage>
      </li>
      <li Class="CompProperties_Power">
        <compClass>CompPowerPlant</compClass>
        <basePowerConsumption>-150</basePowerConsumption>
        <transmitsPower>true</transmitsPower>
      </li>
      <li Class="CompProperties_Glower">
        <glowRadius>5</glowRadius>
        <glowColor>(113,141,117,0)</glowColor>
      </li>
    </comps>
    <researchPrerequisites>
      <li>SkavenWarpLightning</li>
    </researchPrerequisites>
  </ThingDef>
  
</Defs>
