﻿<?xml version="1.0" encoding="utf-8" ?>
<Defs>

  <ThingDef ParentName="FurnitureBase">
    <defName>SkavenWarpBrazier</defName>
    <label>warp brazier</label>
    <description>The stone in the center emits a bright green light.</description>
    <category>Building</category>
    <graphicData>
      <texPath>Things/Building/Furniture/SkavenWarpBrazier</texPath>
      <graphicClass>Graphic_Single</graphicClass>
      <shaderType>CutoutComplex</shaderType>
      <drawRotated>false</drawRotated>
      <damageData>
        <rect>(0.35,0.35,0.3,0.3)</rect>
      </damageData>
      <drawSize>(1.7)</drawSize>
    </graphicData>
    <uiIconPath>Things/Building/Furniture/SkavenWarpBrazier</uiIconPath>
    <uiIconScale>0.9</uiIconScale>
    <rotatable>false</rotatable>
    <altitudeLayer>Building</altitudeLayer>
    <passability>PassThroughOnly</passability>
    <pathCost>15</pathCost>
    <tickerType>Normal</tickerType>
    <drawerType>RealtimeOnly</drawerType>
    <fillPercent>0.15</fillPercent>
    <statBases>
      <MarketValue>100</MarketValue>
      <MaxHitPoints>120</MaxHitPoints>
      <WorkToBuild>1500</WorkToBuild>
      <Flammability>0</Flammability>
      <Beauty>10</Beauty>
      <Mass>14</Mass>
    </statBases>
    <selectable>true</selectable>
    <costList>
      <Jade>25</Jade>
      <Steel>30</Steel>
    </costList>
    <soundImpactDefault>BulletImpact_Ground</soundImpactDefault>
    <leaveResourcesWhenKilled>true</leaveResourcesWhenKilled>
    <resourcesFractionWhenDeconstructed>6</resourcesFractionWhenDeconstructed>
    <drawPlaceWorkersWhileSelected>true</drawPlaceWorkersWhileSelected>
    <comps>
      <li Class="CompProperties_Glower">
        <glowRadius>14</glowRadius>
        <glowColor>(113,141,117,0)</glowColor>
      </li>
    </comps>
    <designationCategory>Furniture</designationCategory>
    <designationHotKey>Misc10</designationHotKey>
    <researchPrerequisites>
      <li>SkavenHeavyWeapon</li>
    </researchPrerequisites>
  </ThingDef>
  
</Defs>
