﻿<?xml version="1.0" encoding="utf-8" ?>
<Defs>

  <ThingDef ParentName="BenchBase">
    <defName>SkavenResearchBench</defName>
    <label>skaven research bench</label>
    <description>A research bench for the curious rat.</description>
    <thingClass>Building_ResearchBench</thingClass>
    <size>(2,1)</size>
    <costList>
      <Steel>25</Steel>
      <WoodLog>50</WoodLog>
    </costList>
    <graphicData>
      <texPath>Things/Building/Research/SkavenResearchBench</texPath>
      <graphicClass>Graphic_Single</graphicClass>
      <shaderType>CutoutComplex</shaderType>
      <drawSize>(1.8)</drawSize>
      <damageData>
        <cornerTL>Damage/Corner</cornerTL>
        <cornerTR>Damage/Corner</cornerTR>
        <cornerBL>Damage/Corner</cornerBL>
        <cornerBR>Damage/Corner</cornerBR>
      </damageData>
    </graphicData>
    <castEdgeShadows>true</castEdgeShadows>
    <staticSunShadowHeight>0.20</staticSunShadowHeight>
    <altitudeLayer>Building</altitudeLayer>
    <passability>PassThroughOnly</passability>
    <pathCost>70</pathCost>
    <statBases>
      <MaxHitPoints>250</MaxHitPoints>
      <WorkToBuild>2800</WorkToBuild>
      <Flammability>1.0</Flammability>
      <ResearchSpeedFactor>0.75</ResearchSpeedFactor>
    </statBases>
    <fillPercent>0.5</fillPercent>
    <interactionCellOffset>(0,0,-1)</interactionCellOffset>
    <hasInteractionCell>true</hasInteractionCell>
    <designationCategory>Production</designationCategory>
    <surfaceType>Item</surfaceType>
    <researchPrerequisites>
      <li>SkavenStart</li>
    </researchPrerequisites>
  </ThingDef>

</Defs>
